univ_id,year,province,univ_type,ai_adopt,strat_gov,org_learn,dig_cap,univ_scale,fin_invest,prof_ratio
10001,2020,2,3,3.2792,3.61,3.5802,4.0443,9.5618,11.374,0.3619
10001,2021,2,3,3.3622,3.7068,3.1183,3.8008,9.6343,10.4005,0.3538
10001,2022,2,3,3.6873,3.7397,3.9587,3.8001,9.6138,11.3472,0.3587
10001,2023,2,3,3.5774,4.4795,3.4411,4.2011,9.5501,10.751,0.3354
10001,2024,2,3,3.6443,3.6474,3.7035,5,9.4474,11.678,0.3567
10001,2025,2,3,4.3224,4.3629,4.1695,5,9.6663,10.1818,0.3589
10002,2020,29,2,3.3071,3.8564,3.5274,4.5697,11.0038,11.5295,0.3219
10002,2021,29,2,4.2748,4.1672,3.9925,4.5938,11.0018,11.8502,0.3263
10002,2022,29,2,4.2497,4.273,4.0299,4.6094,10.998,11.8703,0.3499
10002,2023,29,2,4.3947,4.4465,4.0835,4.5026,11.2011,11.4676,0.3587
10002,2024,29,2,4.7859,4.9087,4.4896,5,11.2507,11.7429,0.3428
10002,2025,29,2,4.6814,4.5939,4.2812,5,11.0109,13.4337,0.3425
10003,2020,5,3,3.498,3.2471,3.3247,3.7852,8.6772,10.6239,0.3499
10003,2021,5,3,3.2503,3.7907,3.7039,4.1493,8.5488,11.485,0.3447
10003,2022,5,3,3.2782,3.7253,3.508,3.8605,8.6179,13.0532,0.3577
10003,2023,5,3,4.3133,3.7424,4.0899,4.27,8.8208,13.6737,0.3342
10003,2024,5,3,4.0333,4.2179,3.7362,4.6326,8.6428,13.3032,0.3622
10003,2025,5,3,3.6138,3.8313,3.9308,5,8.6861,13.6624,0.3451
10004,2020,27,2,3.5934,3.8619,3.7044,4.0334,9.612,9.7344,0.4785
10004,2021,27,2,3.8528,4.2427,4.0696,3.9448,9.5654,10.45,0.4614
10004,2022,27,2,3.4875,3.4744,3.7644,4.4437,9.5613,10.8223,0.4876
10004,2023,27,2,4.4459,3.977,3.8381,5,9.7647,10.2176,0.508
10004,2024,27,2,4.1718,4.3167,4.2235,4.5739,9.3914,12.7947,0.4778
10004,2025,27,2,4.3297,4.9296,4.2939,4.6963,9.6408,11.848,0.499
10005,2020,4,3,3.6449,3.501,3.8742,4.3117,9.02,11.6137,0.4336
10005,2021,4,3,3.6252,3.9721,3.9586,4.2333,9.4216,12.399,0.451
10005,2022,4,3,3.5893,3.7668,3.4363,4.1,9.3104,13.5908,0.4298
10005,2023,4,3,3.8993,3.9929,4.0675,4.4151,9.2237,12.3861,0.4464
10005,2024,4,3,4.4995,3.9743,3.919,4.592,9.1194,14.2393,0.4464
10005,2025,4,3,4.1644,4.276,4.1006,5,9.2015,13.3212,0.4313
10006,2020,24,3,3.6101,3.3604,2.9826,4.0148,9.4945,10.0059,0.4379
10006,2021,24,3,3.1975,3.493,3.1791,4.4243,9.3875,11.1544,0.4288
10006,2022,24,3,3.7155,3.7171,3.9513,4.2456,9.5951,12.2045,0.4609
10006,2023,24,3,3.6631,3.9957,3.938,4.488,9.6194,12.2142,0.4506
10006,2024,24,3,4.0558,4.1999,3.5106,4.3608,9.484,11.2819,0.4331
10006,2025,24,3,3.8118,4.4112,3.4212,4.5205,9.4738,13.9925,0.4639
10007,2020,7,1,4.9047,4.1021,3.7355,5,10.7966,17.3944,0.5656
10007,2021,7,1,4.3809,4.5088,4.2888,5,10.7959,16.1433,0.5899
10007,2022,7,1,4.2697,4.7172,4.9405,5,11.0637,18.0766,0.5627
10007,2023,7,1,4.75,5,4.8063,5,11.0215,18.8027,0.5755
10007,2024,7,1,4.6126,4.7067,4.9274,5,10.9836,19.0467,0.567
10007,2025,7,1,5,5,5,5,10.9973,19.9357,0.5787
10008,2020,16,2,3.5569,3.6282,3.4632,3.642,9.4133,10.6114,0.4552
10008,2021,16,2,3.9255,4.0182,3.4513,4.2105,9.2644,12.4182,0.449
10008,2022,16,2,3.94,4.1262,3.9981,4.7098,9.2157,10.0418,0.4636
10008,2023,16,2,4.0688,4.4337,3.9197,4.3596,9.094,10.4999,0.4042
10008,2024,16,2,4.1384,4.0758,3.7438,4.6542,9.3027,10.9428,0.4408
10008,2025,16,2,4.4383,4.6602,4.2616,5,9.1897,10.8761,0.433
10009,2020,7,3,3.1085,3.8981,3.2617,3.8114,8.6209,7.9999,0.4084
10009,2021,7,3,3.2903,3.716,3.3208,4.4115,8.7142,11.1748,0.425
10009,2022,7,3,3.7739,3.8907,3.3508,3.9943,8.7484,9.5464,0.4356
10009,2023,7,3,3.7596,3.7489,3.6373,4.0728,8.915,9.101,0.4335
10009,2024,7,3,4.3707,3.7926,3.8915,3.9801,8.8861,10.1016,0.4405
10009,2025,7,3,4.2772,3.8443,3.9373,4.9026,9.0028,10.1469,0.4425
10010,2020,18,3,3.0506,3.1371,2.7915,3.8592,8.7065,6.0946,0.4026
10010,2021,18,3,3.377,3.3094,2.7999,3.6053,8.7941,5.2764,0.4042
10010,2022,18,3,3.6041,3.9011,3.3612,4.0486,8.6902,5.5974,0.407
10010,2023,18,3,3.3005,3.3868,3.8027,3.9656,8.6482,3.8623,0.3906
10010,2024,18,3,3.1247,3.6852,3.996,4.1305,8.7339,6.9455,0.3776
10010,2025,18,3,3.9235,3.9181,4.0526,4.2866,8.7364,7.7508,0.3831
10011,2020,17,1,3.6939,4.3035,3.9006,4.9433,10.6961,12.0025,0.5648
10011,2021,17,1,3.9229,3.9813,4.3274,4.9309,10.5545,11.8575,0.5909
10011,2022,17,1,4.4016,4.5456,4.0776,5,10.6594,11.8542,0.5702
10011,2023,17,1,4.664,5,4.4819,5,10.7634,12.7916,0.5463
10011,2024,17,1,4.5969,5,4.5739,5,10.6266,13.6195,0.5919
10011,2025,17,1,5,4.8215,4.9809,5,10.6646,12.4181,0.5873
10012,2020,10,2,3.2634,3.6734,3.503,4.3034,9.0817,6.9407,0.4957
10012,2021,10,2,4.0664,3.9612,3.5876,4.1985,8.9603,7.7047,0.4704
10012,2022,10,2,3.3963,3.4388,3.5504,3.9488,8.8866,9.4335,0.4806
10012,2023,10,2,3.7754,3.8054,3.8164,4.4456,9.0315,9.9837,0.4749
10012,2024,10,2,3.9843,3.9826,4.1155,4.6401,9.0306,8.2546,0.4735
10012,2025,10,2,4.5692,4.6933,4.8047,4.7825,9.1432,10.9675,0.453
10013,2020,27,3,3.1503,3.9438,3.103,3.9881,8.7989,13.1217,0.3678
10013,2021,27,3,3.9026,3.5083,3.2241,4.0241,8.9824,12.6736,0.3908
10013,2022,27,3,3.6125,3.8378,3.7472,4.2324,9.0814,13.8294,0.3787
10013,2023,27,3,3.2668,4.0215,3.9905,4.374,8.9712,15.5049,0.3776
10013,2024,27,3,4.3955,3.8543,3.8758,4.515,8.8608,15.943,0.3835
10013,2025,27,3,4.8545,4.3247,4.1048,4.9598,8.7907,15.4699,0.3868
10014,2020,3,2,3.7419,3.7239,3.5697,3.761,9.8926,6.2644,0.3819
10014,2021,3,2,3.5832,3.7782,3.7081,4.5077,10.2152,7.4621,0.414
10014,2022,3,2,3.8292,3.4965,3.7304,4.5817,10.0515,7.2354,0.3985
10014,2023,3,2,3.9197,3.5703,4.1259,4.6267,10.0332,8.255,0.4083
10014,2024,3,2,4.3797,4.2853,4.1517,4.656,9.9868,7.3199,0.368
10014,2025,3,2,4.3307,4.0489,4.37,4.5652,10.049,8.1324,0.4191
10015,2020,21,3,3.2391,3.6856,2.7889,3.0205,7.4415,10.143,0.3961
10015,2021,21,3,2.7152,3.3304,3.1996,3.7675,7.4676,10.4577,0.4354
10015,2022,21,3,3.4293,3.2584,3.6914,3.9388,7.2662,12.3511,0.4344
10015,2023,21,3,3.8651,3.751,3.4927,4.1577,7.6017,12.5158,0.4617
10015,2024,21,3,4.0414,3.8263,3.4989,4.5572,7.545,10.1849,0.4435
10015,2025,21,3,3.8662,3.945,4.002,4.411,7.5809,11.4342,0.4643
10016,2020,18,3,3.3758,2.8892,3.2464,3.6654,8.6438,9.5398,0.3741
10016,2021,18,3,3.5948,3.4512,3.1983,3.4245,8.5137,10.037,0.3907
10016,2022,18,3,3.1445,3.4023,3.1676,4.345,8.5212,10.2454,0.3598
10016,2023,18,3,3.7126,3.3499,3.5092,4.664,8.5524,9.1077,0.4004
10016,2024,18,3,4.1722,3.622,3.5901,3.8511,8.5726,11.0123,0.3971
10016,2025,18,3,3.9589,3.7195,3.9492,4.8229,8.5992,11.6636,0.4063
10017,2020,22,1,3.976,4.2915,3.6555,5,11.082,15.5021,0.4691
10017,2021,22,1,5,4.5581,4.3327,5,11.1504,14.7128,0.4953
10017,2022,22,1,4.5997,4.6183,4.1512,5,11.1086,14.1119,0.5183
10017,2023,22,1,4.6182,5,4.7736,5,11.0002,15.6151,0.488
10017,2024,22,1,4.5692,4.8552,5,5,11.178,14.7176,0.4911
10017,2025,22,1,5,5,4.6097,5,11.3204,14.5115,0.5277
10018,2020,22,2,3.5199,3.7579,3.514,4.3608,9.4004,11.0735,0.4029
10018,2021,22,2,3.5904,3.6782,3.3057,4.4865,9.3891,10.8289,0.3913
10018,2022,22,2,3.4457,4.3618,3.8242,4.4509,9.292,11.1728,0.4169
10018,2023,22,2,4.1079,4.1994,4.1087,4.823,9.3097,11.9475,0.3877
10018,2024,22,2,3.7867,4.115,4.4369,4.741,9.4955,10.3066,0.3666
10018,2025,22,2,4.458,4.3147,4.582,4.7804,9.3895,13.582,0.4026
10019,2020,7,1,4.4298,4.7323,4.2291,4.9917,10.5683,19.1642,0.5368
10019,2021,7,1,4.4783,5,4.465,5,10.826,20.4023,0.5734
10019,2022,7,1,5,4.5773,4.1985,5,10.4721,18.662,0.5904
10019,2023,7,1,4.6996,5,4.8665,5,10.6184,19.8955,0.5599
10019,2024,7,1,4.6903,4.9136,4.8508,5,10.4674,20.2343,0.563
10019,2025,7,1,5,5,5,5,10.643,20.7877,0.581
10020,2020,23,2,3.7762,3.9544,3.0833,3.9697,9.6692,12.0035,0.5025
10020,2021,23,2,4.1578,4.1851,3.7619,4.3743,9.6773,11.8602,0.5195
10020,2022,23,2,4.4705,4.1896,3.4658,4.6282,9.6868,13.1344,0.5183
10020,2023,23,2,4.5628,4.0607,4.0093,4.5638,9.8501,11.2,0.5247
10020,2024,23,2,4.3778,4.6883,4.7878,5,9.5511,11.0947,0.5065
10020,2025,23,2,4.3823,4.8233,3.8652,5,9.5916,13.2718,0.5342
10021,2020,13,2,3.5619,3.4931,3.5651,4.1901,9.8967,9.1394,0.5175
10021,2021,13,2,3.7462,3.8101,3.8025,4.0416,9.4582,8.0498,0.5473
10021,2022,13,2,3.3099,4.0272,3.8781,4.5209,9.9146,8.8632,0.5273
10021,2023,13,2,3.5035,4.0884,4.0633,4.5706,9.8261,10.6477,0.5377
10021,2024,13,2,3.7305,4.5725,4.301,5,9.7357,10.2744,0.5444
10021,2025,13,2,4.6624,4.4452,4.2621,4.7772,9.8518,9.2512,0.5416
10022,2020,12,2,3.8277,3.2174,3.2867,3.7981,9.0534,8.3028,0.4005
10022,2021,12,2,3.6541,3.6277,3.708,4.1046,9.1101,10.1415,0.4053
10022,2022,12,2,3.6574,3.764,3.7122,4.511,9.0332,9.1775,0.4272
10022,2023,12,2,3.5948,3.8469,3.6913,4.8705,9.0962,8.5184,0.4021
10022,2024,12,2,4.6028,4.469,4.1404,5,9.1349,9.7853,0.4086
10022,2025,12,2,4.4829,4.1552,4.1933,5,9.2244,10.5022,0.4107
10023,2020,10,1,4.2203,4.5959,3.2895,5,10.3328,12.4105,0.4921
10023,2021,10,1,4.5333,4.3645,4.4085,5,10.2967,13.2979,0.5119
10023,2022,10,1,4.4428,4.661,4.3641,5,10.4321,12.9387,0.5112
10023,2023,10,1,4.2143,4.7113,4.4286,5,10.4165,11.7357,0.5021
10023,2024,10,1,5,4.7905,4.5642,5,10.3879,13.2492,0.4837
10023,2025,10,1,4.815,5,4.751,5,10.4669,14.7693,0.5035
10024,2020,31,3,2.6193,3.3601,2.5898,3.558,9.5453,3.8775,0.3781
10024,2021,31,3,3.4001,3.2712,3.2145,3.5293,9.5667,3.6336,0.3873
10024,2022,31,3,4.1225,2.5792,3.347,4.0807,9.4594,4.4239,0.3733
10024,2023,31,3,3.244,3.4301,3.6503,4.0981,9.4081,4.1142,0.3734
10024,2024,31,3,3.9091,4.0109,3.4743,3.9727,9.4622,4.1981,0.3865
10024,2025,31,3,3.6947,3.4603,3.6995,4.6097,9.5284,3.6417,0.3805
10025,2020,6,2,3.3638,3.8598,3.6006,4.1421,8.7072,9.6021,0.4474
10025,2021,6,2,3.7163,3.7556,3.6335,4.5081,8.7411,10.7071,0.4587
10025,2022,6,2,3.9087,3.6659,3.6117,4.7165,8.9034,12.4004,0.4787
10025,2023,6,2,4.1832,4.0861,4.0068,4.9491,8.7013,11.2043,0.4492
10025,2024,6,2,4.4299,4.2561,4.1449,4.2748,8.8789,11.7798,0.4416
10025,2025,6,2,4.2419,4.4982,4.4644,5,8.5245,11.6307,0.4279
10026,2020,10,2,3.8414,3.9135,3.5175,3.8115,9.3633,8.5372,0.4751
10026,2021,10,2,3.9893,3.787,3.8408,4.1395,9.3206,8.0645,0.4706
10026,2022,10,2,3.6151,3.9648,3.5905,4.394,9.4946,7.413,0.4888
10026,2023,10,2,3.9697,4.0503,4.043,5,9.4722,9.2198,0.494
10026,2024,10,2,3.7731,4.2402,4.0908,5,9.3267,9.5486,0.499
10026,2025,10,2,3.9754,4.3699,4.3687,5,9.3372,10.4695,0.4912
10027,2020,7,2,3.4461,3.8253,3.5105,4.4816,9.4014,11.5527,0.4003
10027,2021,7,2,3.6383,3.9195,3.6937,3.8006,9.4363,12.3958,0.4052
10027,2022,7,2,3.9792,4.195,4.449,4.3468,9.5441,13.3096,0.4096
10027,2023,7,2,4.319,4.7127,4.2771,5,9.4357,12.7221,0.4222
10027,2024,7,2,4.1589,4.4464,4.2302,4.9547,9.5543,13.4044,0.4254
10027,2025,7,2,5,4.2703,4.6199,5,9.5376,13.5819,0.4081
10028,2020,20,2,3.2446,3.6227,3.42,4.0692,8.8939,13.1536,0.5521
10028,2021,20,2,3.732,3.5403,4.0043,4.2964,9.0304,12.3582,0.5534
10028,2022,20,2,4.3808,4.1744,3.9199,4.2073,8.8901,14.6455,0.5584
10028,2023,20,2,3.5088,3.944,3.7943,4.3792,8.9287,13.5473,0.5519
10028,2024,20,2,4.2148,4.5847,4.0431,4.8102,9.0255,13.7985,0.5555
10028,2025,20,2,4.6326,4.1782,3.8638,5,9.0665,15.9807,0.5219
10029,2020,22,2,3.5658,3.0852,2.9412,3.6057,8.42,8.7798,0.4719
10029,2021,22,2,3.7385,3.7557,3.0259,3.9513,8.3665,7.187,0.4732
10029,2022,22,2,3.4404,4.0583,3.989,4.0645,8.1489,9.2016,0.4413
10029,2023,22,2,4.0473,4.1372,3.8476,5,8.1921,8.0714,0.4729
10029,2024,22,2,4.2766,3.5485,3.6056,4.8843,8.3153,8.298,0.4646
10029,2025,22,2,4.0822,4.1447,4.5099,5,8.2544,9.0103,0.4721
10030,2020,15,2,3.1678,3.8022,3.2369,4.0096,8.6982,8.1264,0.5311
10030,2021,15,2,3.2492,3.0241,3.8601,3.9524,9.1751,6.907,0.5426
10030,2022,15,2,3.6615,3.6313,3.8248,3.6681,8.8488,7.8743,0.5324
10030,2023,15,2,4.2968,4.0566,3.9333,4.2673,9.0654,8.6812,0.5357
10030,2024,15,2,3.9761,4.2322,3.8466,4.7591,9.124,8.7642,0.5121
10030,2025,15,2,4.2429,4.318,4.514,4.5097,8.9322,9.0795,0.5486
10031,2020,26,2,3.5318,4.1763,3.7266,4.3158,9.4331,17.3576,0.4503
10031,2021,26,2,4.3967,3.781,3.8102,4.7585,9.2968,18.2507,0.4669
10031,2022,26,2,4.3616,4.5449,4.1738,5,9.4548,16.9537,0.4723
10031,2023,26,2,4.7648,4.171,3.9775,5,9.4389,17.8778,0.4478
10031,2024,26,2,4.2446,4.5922,4.7963,5,9.393,16.5357,0.4643
10031,2025,26,2,4.8623,4.1046,3.8701,5,9.5147,17.131,0.4593
10032,2020,20,2,3.8566,3.664,3.5351,4.7435,9.5988,12.0861,0.3388
10032,2021,20,2,4.2575,3.9284,3.7805,4.4384,9.5668,14.4735,0.378
10032,2022,20,2,4.1645,4.3169,4.1773,5,9.652,14.9043,0.3715
10032,2023,20,2,4.5813,4.1698,3.9804,4.9114,9.452,12.9318,0.3837
10032,2024,20,2,4.124,4.7644,4.3233,4.9895,9.7095,17.1711,0.3471
10032,2025,20,2,4.4821,4.5808,4.6849,5,9.4597,14.456,0.3575
10033,2020,23,2,3.3972,3.3419,3.1477,4.6001,9.3044,10.8279,0.4394
10033,2021,23,2,3.7021,4.0788,3.7699,3.9099,9.223,10.8824,0.4334
10033,2022,23,2,3.3737,3.9453,3.9525,4.5427,9.2715,9.6966,0.4379
10033,2023,23,2,3.8968,4.3341,3.9127,4.7186,9.1397,11.3769,0.4389
10033,2024,23,2,4.292,4.6238,3.9736,4.7955,9.1488,10.6863,0.4448
10033,2025,23,2,3.646,4.7466,4.1753,5,9.1582,10.7331,0.4347
10034,2020,26,3,3.1307,3.1403,3.033,3.314,8.765,7.908,0.3335
10034,2021,26,3,2.9623,3.468,2.7928,3.5597,8.6492,8.6039,0.3674
10034,2022,26,3,3.4784,3.7252,3.3009,4.2154,8.713,8.7301,0.3202
10034,2023,26,3,3.6951,3.5614,3.6711,3.9913,8.8076,7.4432,0.3302
10034,2024,26,3,3.2373,3.8152,4.0244,4.5447,8.815,8.3898,0.3167
10034,2025,26,3,4.3568,3.739,3.6684,4.212,8.9121,8.8972,0.3203
10035,2020,6,3,3.6777,3.3073,3.6221,3.2408,9.8919,9.1804,0.305
10035,2021,6,3,3.3944,3.6932,3.3657,4.1423,9.8729,8.4423,0.3237
10035,2022,6,3,3.1512,3.636,3.619,4.0638,9.7809,10.2188,0.3092
10035,2023,6,3,3.597,4.0374,3.7731,4.9541,9.7676,8.4332,0.3142
10035,2024,6,3,4.048,4.2207,4.0299,4.4322,9.833,9.1698,0.3391
10035,2025,6,3,3.7668,4.4419,3.8311,4.8973,9.8809,9.6161,0.2857
10036,2020,6,3,2.632,3.2733,3.204,3.5078,8.2616,9.318,0.3774
10036,2021,6,3,3.3947,3.605,3.0213,3.7258,8.2021,9.4838,0.4055
10036,2022,6,3,3.7632,3.9249,3.2207,3.7693,8.3535,10.1342,0.4261
10036,2023,6,3,3.5029,3.8598,3.079,3.9521,8.2887,9.2952,0.4166
10036,2024,6,3,3.0464,4.0794,3.6547,4.5938,8.0813,9.1247,0.3952
10036,2025,6,3,4.3893,3.5699,3.6292,4.5155,8.4451,10.3476,0.4117
10037,2020,3,1,4.4549,4.9395,4.4207,5,11.4419,20.5515,0.4034
10037,2021,3,1,4.5768,5,4.3756,5,11.5296,21.8147,0.4126
10037,2022,3,1,5,5,4.8802,5,11.5579,20.4895,0.4093
10037,2023,3,1,5,5,4.636,5,11.8085,22.2265,0.4211
10037,2024,3,1,5,5,4.6211,5,11.5579,23.4087,0.4043
10037,2025,3,1,4.8417,5,4.8903,5,11.5406,22.4357,0.4071
10038,2020,31,2,4.2178,4.2517,3.6016,4.821,9.0989,15.3188,0.5058
10038,2021,31,2,4.1102,4.021,3.8757,4.2403,9.2985,16.3116,0.4858
10038,2022,31,2,4.1628,3.799,3.7674,4.6461,8.9747,15.5974,0.4729
10038,2023,31,2,4.0995,4.3218,4.0126,5,9.0753,16.2314,0.4417
10038,2024,31,2,4.2721,4.3274,4.1049,5,9.0769,16.9866,0.4647
10038,2025,31,2,4.6315,4.2171,4.5269,5,9.2622,17.3393,0.4712
10039,2020,6,1,4.5798,4.4649,3.4084,4.709,10.3476,15.1236,0.5684
10039,2021,6,1,4.4683,4.6622,4.0508,4.9276,10.541,12.2535,0.5712
10039,2022,6,1,4.2272,4.3997,4.5448,5,10.2936,16.6816,0.5805
10039,2023,6,1,4.5839,4.8958,4.4549,5,10.6147,14.1661,0.5626
10039,2024,6,1,4.3158,5,5,5,10.4691,16.5143,0.5481
10039,2025,6,1,5,4.9994,4.6358,5,10.593,15.4342,0.5377
10040,2020,30,3,2.9646,3.6861,3.51,3.9813,7.8342,13.2449,0.4632
10040,2021,30,3,3.5131,3.734,3.4743,3.6745,7.9435,12.7151,0.4355
10040,2022,30,3,3.2569,3.8789,3.7949,3.9032,7.9107,13.0348,0.4406
10040,2023,30,3,3.719,3.4222,3.3695,4.3484,7.9042,13.1737,0.4644
10040,2024,30,3,3.8898,4.0113,3.5728,4.8406,7.8308,13.648,0.4319
10040,2025,30,3,4.4174,3.9648,3.8737,5,7.8168,14.8666,0.4563
10041,2020,25,3,3.44,3.1793,3.0562,3.4765,8.0501,8.2459,0.4586
10041,2021,25,3,3.6051,3.7084,3.2816,4.1715,8.0609,8.9854,0.4515
10041,2022,25,3,3.4788,3.0444,3.2985,4.7104,8.1067,9.2574,0.4779
10041,2023,25,3,3.5147,3.0386,3.8375,4.2055,7.8515,9.6502,0.4396
10041,2024,25,3,3.5971,3.7601,4.1034,4.2763,7.9717,9.3466,0.4686
10041,2025,25,3,3.6454,3.8421,3.5793,4.4617,8.1354,10.0078,0.4572
10042,2020,9,2,3.7044,3.8305,3.2555,4.3843,8.6417,14.2126,0.4093
10042,2021,9,2,3.7076,4.3147,3.8283,4.4191,8.7309,14.3703,0.4126
10042,2022,9,2,3.5589,3.966,3.6552,4.4898,8.6482,14.348,0.3751
10042,2023,9,2,4.4109,4.1377,3.9837,5,8.7131,14.8728,0.3952
10042,2024,9,2,4.5396,4.3628,4.3816,4.9808,8.7565,15.6337,0.4003
10042,2025,9,2,4.58,4.7591,4.42,5,8.7228,17.1036,0.3946
10043,2020,3,3,3.4189,3.3108,2.7554,3.1761,8.6184,8.0904,0.4623
10043,2021,3,3,3.3222,3.6566,3.0586,4.0131,8.699,9.1108,0.458
10043,2022,3,3,3.3667,4.1174,2.9,4.0585,8.7876,7.3256,0.4678
10043,2023,3,3,3.9658,3.7184,3.48,4.4614,8.7542,8.0437,0.4506
10043,2024,3,3,3.7271,3.8628,3.6573,4.3461,8.4328,9.9261,0.4586
10043,2025,3,3,3.4871,4.1227,3.8821,4.6073,8.8468,9.8033,0.4541
10044,2020,18,2,3.5983,3.3299,3.7488,3.9472,9.1928,9.0809,0.4673
10044,2021,18,2,3.5398,3.5562,3.3772,2.949,9.3035,9.9131,0.4882
10044,2022,18,2,3.6015,4.1067,3.5452,4.1696,9.4296,8.3416,0.4882
10044,2023,18,2,4.2706,4.1555,3.5658,4.6708,9.3981,10.1718,0.4939
10044,2024,18,2,4.2219,4.0985,4.0901,4.8335,9.4137,10.0488,0.4875
10044,2025,18,2,5,4.3788,3.8313,4.7534,9.3281,10.968,0.4968
10045,2020,9,1,4.6154,4.3482,4.2825,4.1465,10.31,16.2623,0.6627
10045,2021,9,1,4.5047,4.5104,3.9485,4.5031,10.2051,16.3317,0.6534
10045,2022,9,1,4.5498,4.7952,4.2477,5,10.3042,15.1029,0.6708
10045,2023,9,1,4.6251,4.6792,4.6186,5,10.4205,16.5566,0.6498
10045,2024,9,1,5,5,4.7632,5,10.2531,17.0658,0.6444
10045,2025,9,1,4.7458,5,5,5,10.1506,17.9266,0.6552
10046,2020,19,2,3.4342,3.8759,3.4144,4.4765,9.2862,11.7814,0.3976
10046,2021,19,2,4.4079,4.067,4.1756,4.3456,9.6567,12.7834,0.4135
10046,2022,19,2,4.5259,4.3963,4.3853,4.6155,9.1899,13.4022,0.3943
10046,2023,19,2,4.1322,4.3053,4.2997,4.5607,9.437,14.2449,0.3725
10046,2024,19,2,4.4433,4.656,4.1684,5,9.5212,13.0219,0.3856
10046,2025,19,2,4.9247,4.687,3.985,4.9647,9.3054,13.5317,0.3727
10047,2020,6,2,3.4222,3.6819,3.6919,4.3595,9.0513,13.4092,0.3793
10047,2021,6,2,3.9604,4.225,3.3641,4.5912,8.9971,15.289,0.4317
10047,2022,6,2,3.8286,4.1576,4.0026,4.8812,9.2111,13.9124,0.386
10047,2023,6,2,4.241,4.151,3.9534,4.4416,9.0043,12.2796,0.3971
10047,2024,6,2,4.2766,4.9426,3.6561,4.9526,9.0305,14.8132,0.3992
10047,2025,6,2,4.816,4.5339,4.5946,5,9.1111,14.658,0.4032
10048,2020,2,2,3.4088,3.7841,3.7156,4.2124,9.2744,12.667,0.4688
10048,2021,2,2,3.9567,3.7291,4.0981,4.7114,9.1467,13.808,0.502
10048,2022,2,2,3.5976,3.9406,3.7659,4.7125,9.1497,12.9168,0.5143
10048,2023,2,2,4.4485,4.5825,4.5321,4.2511,9.401,13.3889,0.5141
10048,2024,2,2,4.6089,4.1454,4.0704,4.9857,9.1399,14.7703,0.4967
10048,2025,2,2,3.9786,4.5049,4.2466,4.8433,9.2392,16.0044,0.5383
10049,2020,28,3,3.0301,3.2023,3.2771,3.9091,9.5843,8.7382,0.465
10049,2021,28,3,3.7911,3.5822,3.4593,4.4145,9.6918,9.0624,0.4644
10049,2022,28,3,3.2839,3.7566,3.3921,4.055,9.6589,10.4745,0.4835
10049,2023,28,3,3.5389,3.3946,3.5554,4.6662,9.5894,9.7601,0.4709
10049,2024,28,3,4.5601,4.219,3.4151,4.6795,9.5616,10.413,0.4824
10049,2025,28,3,4.3127,3.8898,4.2097,4.6876,9.6386,9.9314,0.4385
10050,2020,8,3,3.7196,2.8892,3.0291,3.4445,8.0559,8.0229,0.404
10050,2021,8,3,3.3382,3.3581,3.4859,3.6274,8.0362,8.4913,0.4023
10050,2022,8,3,3.2121,3.7254,3.2625,4.5338,7.9563,8.5225,0.3696
10050,2023,8,3,4.0222,4.1039,3.7324,3.4982,8.0446,9.0256,0.3669
10050,2024,8,3,4.2346,3.4686,3.9183,3.8782,7.9794,8.5529,0.3877
10050,2025,8,3,4.3748,3.9534,3.5402,4.491,7.8773,8.9919,0.3887
10051,2020,30,2,3.9777,4.0831,3.6506,5,10.1601,16.3099,0.4518
10051,2021,30,2,4.1072,3.8174,3.3131,4.1322,10.2895,16.3185,0.4892
10051,2022,30,2,4.0992,4.0515,4.1752,4.8922,10.1377,14.9508,0.4581
10051,2023,30,2,4.2867,4.4338,4.2332,5,10.2145,16.7538,0.4926
10051,2024,30,2,4.1705,4.5799,4.0874,5,10.0475,17.5179,0.4739
10051,2025,30,2,4.3081,4.3357,4.1184,5,10.0068,16.2271,0.4567
10052,2020,4,3,3.0728,3.3086,3.0992,4.1601,8.8181,11.5003,0.4167
10052,2021,4,3,3.6847,3.7814,3.5776,4.6174,8.8387,11.5923,0.4059
10052,2022,4,3,2.7183,3.5828,4.0013,4.02,9.0713,10.9273,0.4605
10052,2023,4,3,3.73,4.0711,3.7961,4.3185,9.0217,10.806,0.4154
10052,2024,4,3,3.4531,3.8848,3.496,4.4703,9.0937,10.7265,0.4094
10052,2025,4,3,4.6844,3.9506,3.824,4.9714,9.1257,13.4311,0.4256
10053,2020,11,3,3.3411,3.3634,3.445,3.0659,8.9658,8.0052,0.3405
10053,2021,11,3,3.633,3.7442,2.9264,3.7744,8.9905,8.6495,0.3403
10053,2022,11,3,3.5201,3.7199,3.3285,4.2484,8.8485,9.7787,0.3838
10053,2023,11,3,3.5012,3.2754,3.9436,3.9337,8.8766,8.597,0.3585
10053,2024,11,3,4.0462,4.2436,3.9341,4.5508,9.0084,8.7483,0.3445
10053,2025,11,3,4.1472,4.1015,4.1386,4.6854,9.0127,9.5663,0.356
10054,2020,21,1,4.542,4.1569,3.7586,4.7937,10.2885,10.8293,0.5589
10054,2021,21,1,3.9607,4.1303,4.2303,4.6724,10.1371,13.1303,0.5453
10054,2022,21,1,4.4603,4.5822,4.2348,5,10.2302,10.256,0.5458
10054,2023,21,1,4.7493,4.7901,4.5167,4.8942,10.1348,13.2411,0.5437
10054,2024,21,1,5,4.605,4.3227,4.9415,10.2752,11.3058,0.5542
10054,2025,21,1,4.6923,4.8125,4.9681,5,10.1008,12.2611,0.5376
10055,2020,22,2,4.0308,4.0524,3.477,4.3383,9.6989,9.2435,0.3815
10055,2021,22,2,3.2637,4.1466,3.8915,4.7291,9.6387,10.4914,0.3986
10055,2022,22,2,4.1204,4.144,3.796,4.1526,9.5297,11.4835,0.3951
10055,2023,22,2,3.7285,3.9942,3.8865,4.9148,9.6876,10.1947,0.4191
10055,2024,22,2,4.4571,4.414,4.3765,5,9.7059,11.4008,0.3901
10055,2025,22,2,4.4993,4.6424,4.3172,4.7147,9.78,10.9516,0.417
10056,2020,21,2,3.1149,3.7331,3.6836,4.6499,9.6845,11.3975,0.4567
10056,2021,21,2,4.2664,4.0106,3.6866,4.6941,9.5161,13.6997,0.4148
10056,2022,21,2,4.2817,4.0669,4.0153,4.831,9.8279,13.1963,0.4482
10056,2023,21,2,4.1283,4.2702,3.4977,4.9805,9.6946,13.1288,0.4484
10056,2024,21,2,3.9993,4.6811,4.7164,5,9.6066,13.6564,0.4713
10056,2025,21,2,4.4103,4.6777,4.0576,5,9.7462,15.359,0.4422
10057,2020,19,2,3.7368,3.5604,3.4984,4.2109,9.7563,7.8652,0.4492
10057,2021,19,2,3.7726,3.6718,3.2887,4.4903,9.7283,7.8188,0.4569
10057,2022,19,2,4.2528,4.1049,3.9357,4.5044,9.753,8.6241,0.4344
10057,2023,19,2,3.9462,4.2126,3.5011,4.3742,9.5792,7.8252,0.47
10057,2024,19,2,4.1215,3.9065,4.3825,4.9684,9.7557,8.3489,0.4459
10057,2025,19,2,4.9252,4.6014,4.3629,5,9.5877,7.7418,0.465
10058,2020,23,3,3.4351,3.343,2.9411,3.97,9.369,10.6891,0.4319
10058,2021,23,3,2.6291,3.8589,3.2124,4.1472,9.4177,9.9852,0.4032
10058,2022,23,3,3.8474,3.5318,3.1008,4.1145,9.3612,10.3617,0.4363
10058,2023,23,3,3.5245,4.1455,4.05,3.8548,9.4687,10.9872,0.4279
10058,2024,23,3,4.1903,4.3726,3.874,5,9.5366,10.7761,0.4349
10058,2025,23,3,4.4748,4.171,3.9974,4.7807,9.3501,11.5634,0.4265
10059,2020,14,2,3.6271,4.0425,3.6405,4.4053,9.9241,12.6985,0.4963
10059,2021,14,2,4.0334,4.1549,4.0627,4.1742,9.8764,14.0545,0.4699
10059,2022,14,2,3.9845,4.1314,3.6185,4.7949,9.8941,14.4503,0.4603
10059,2023,14,2,4.4401,4.7035,4.4476,4.9858,10.0509,14.4802,0.4261
10059,2024,14,2,4.5398,4.2269,4.1701,5,10.2915,15.0303,0.4508
10059,2025,14,2,4.229,5,4.6395,5,10.0763,14.496,0.4349
10060,2020,16,3,3.1669,3.0646,3.4191,4.4283,10.4299,8.0357,0.46
10060,2021,16,3,3.5401,3.8661,3.5004,4.0419,10.5681,7.4958,0.4525
10060,2022,16,3,3.6493,3.7079,3.5036,3.6521,10.2362,8.3939,0.4479
10060,2023,16,3,3.626,3.9894,4.0667,4.4107,10.3198,9.2567,0.4579
10060,2024,16,3,3.8388,3.8695,3.5534,4.7919,10.2732,9.7729,0.4521
10060,2025,16,3,4.2582,4.2166,4.0838,5,10.3829,9.1322,0.4677
10061,2020,25,3,2.8602,3.2812,2.9928,3.3801,8.07,7.9749,0.4483
10061,2021,25,3,2.8388,3.2843,3.0635,3.9412,8.0242,7.9903,0.4309
10061,2022,25,3,3.507,3.3502,3.1418,4.0345,8.2557,8.0859,0.4276
10061,2023,25,3,3.4959,3.4654,3.5648,4.4062,8.0157,9.4797,0.4164
10061,2024,25,3,3.7436,3.6638,3.7472,4.3176,8.2189,8.5955,0.4185
10061,2025,25,3,3.7039,3.5727,3.7506,4.5427,8.2036,8.9149,0.447
10062,2020,8,2,3.3474,3.3263,3.4265,3.9915,8.1224,10.7642,0.5683
10062,2021,8,2,3.0152,3.8198,3.8629,3.8726,8.1889,11.1354,0.5817
10062,2022,8,2,3.8239,4.1514,3.2236,3.6606,8.0732,11.9921,0.5619
10062,2023,8,2,3.048,4.4976,3.9546,4.6769,8.231,11.728,0.581
10062,2024,8,2,4.0071,4.2772,4.0157,5,8.2637,10.9455,0.6039
10062,2025,8,2,3.9911,4.3916,3.9859,4.8765,8.2642,11.4564,0.5845
10063,2020,26,2,3.4994,3.8779,3.3194,4.4895,9.3772,15.7387,0.4479
10063,2021,26,2,4.1738,4.1807,4.2224,3.8979,9.5059,15.4359,0.4617
10063,2022,26,2,3.7205,4.4314,4.2961,4.4429,9.4334,15.6484,0.4018
10063,2023,26,2,4.2783,4.4628,4.0175,5,9.4268,15.5214,0.4673
10063,2024,26,2,4.3365,4.5068,4.3206,4.9352,9.515,17.6525,0.4492
10063,2025,26,2,4.8733,4.5887,3.9637,5,9.4232,15.3209,0.4638
10064,2020,30,2,3.5028,4.0988,3.6611,4.5662,9.4109,15.2599,0.4771
10064,2021,30,2,3.9957,3.8082,3.5545,4.7446,9.37,13.9647,0.4581
10064,2022,30,2,3.9367,3.8475,4.2828,5,9.1403,13.1028,0.439
10064,2023,30,2,4.5212,3.994,3.8782,4.766,9.3732,15.1745,0.4661
10064,2024,30,2,4.8856,4.6541,4.4018,5,9.3335,15.1247,0.4772
10064,2025,30,2,4.465,4.496,4.1699,5,9.5413,15.017,0.4645
10065,2020,16,2,3.5389,3.6079,3.9626,4.7271,9.8948,12.5045,0.3898
10065,2021,16,2,3.218,4.0018,3.3984,4.0508,9.9111,11.2625,0.4022
10065,2022,16,2,4.4297,4.3378,4.2361,5,10.0409,13.9157,0.411
10065,2023,16,2,4.2711,4.393,4.0321,4.9649,9.7105,12.535,0.4333
10065,2024,16,2,4.1977,4.675,4.2355,5,9.8959,13.0526,0.3768
10065,2025,16,2,4.4018,4.6728,4.3619,5,10.0532,14.6793,0.4165
10066,2020,5,2,3.0969,3.8371,2.9128,4.6146,9.706,11.455,0.4242
10066,2021,5,2,3.6279,3.7628,3.891,4.8215,9.5935,10.4786,0.4284
10066,2022,5,2,3.8979,4.2845,3.5645,5,9.7444,11.7544,0.4013
10066,2023,5,2,3.7566,4.3464,3.5779,4.8552,9.5876,11.8272,0.4432
10066,2024,5,2,4.4917,4.2261,4.5532,4.5672,9.6674,11.2745,0.4538
10066,2025,5,2,4.8038,4.5001,4.4043,4.5085,9.6733,11.211,0.4341
10067,2020,28,2,3.6275,3.7541,3.1515,4.6033,9.3779,12.7435,0.4422
10067,2021,28,2,4.1488,3.9915,3.5328,4.313,9.4028,10.9973,0.4575
10067,2022,28,2,3.6307,3.8612,3.8777,4.3902,9.5559,11.4713,0.434
10067,2023,28,2,4.0091,4.3017,4.3353,4.9071,9.477,12.3565,0.4526
10067,2024,28,2,4.4786,4.183,4.235,5,9.3544,13.7669,0.439
10067,2025,28,2,4.5844,4.5349,4.4304,4.8919,9.6203,14.4343,0.4503
10068,2020,2,2,4.1243,3.6133,3.5144,5,10.1823,11.9446,0.4579
10068,2021,2,2,3.9241,4.0805,3.8555,4.3004,10.1456,11.573,0.4559
10068,2022,2,2,3.8432,3.9305,4.1803,5,10.0738,11.0157,0.4758
10068,2023,2,2,3.815,4.0311,4.2417,4.9553,10.0987,10.5544,0.458
10068,2024,2,2,4.5975,4.3573,4.0998,5,10.1392,12.7214,0.4606
10068,2025,2,2,4.1871,4.4052,4.6268,4.7362,10.181,12.2715,0.4741
10069,2020,8,2,4.017,4.0752,3.4985,4.2534,11.085,7.649,0.4488
10069,2021,8,2,3.6065,3.748,3.8875,4.6241,11.388,9.8051,0.4683
10069,2022,8,2,3.9141,4.5143,4.0633,5,11.1893,9.3352,0.4278
10069,2023,8,2,4.5754,4.6318,3.6959,5,11.3682,9.6016,0.448
10069,2024,8,2,4.5967,4.2869,4.5521,5,11.3956,9.58,0.4669
10069,2025,8,2,4.7373,4.3765,4.6237,5,11.2158,9.3193,0.4703
10070,2020,21,2,3.113,3.8218,3.6544,4.3708,9.9292,14.27,0.5186
10070,2021,21,2,4.2029,3.9484,3.4913,4.5878,9.9006,14.9227,0.5058
10070,2022,21,2,4.3147,4.3326,4.1431,4.6161,10.0721,12.9547,0.5025
10070,2023,21,2,4.4414,3.9545,4.0972,4.7858,10.0251,15.4326,0.4815
10070,2024,21,2,4.926,4.689,4.279,4.8821,9.9208,14.3821,0.4956
10070,2025,21,2,4.9758,4.6313,4.2228,5,10.1006,15.3434,0.5244
10071,2020,1,1,4.0617,4.2342,4.3631,4.9355,10.6494,11.8268,0.6383
10071,2021,1,1,4.378,4.2306,4.2219,5,10.7553,13.8138,0.6238
10071,2022,1,1,4.6596,4.1343,4.3896,4.9109,10.6667,14.799,0.605
10071,2023,1,1,4.4567,4.7604,4.2589,5,10.4766,13.5345,0.6199
10071,2024,1,1,4.9502,5,4.4151,5,10.6465,13.6043,0.6239
10071,2025,1,1,5,4.9898,4.7256,5,10.6648,14.9034,0.6507
10072,2020,4,3,3.5474,3.3315,3.2648,3.7513,9.0463,9.1985,0.388
10072,2021,4,3,3.556,3.4084,3.3562,4.4281,9.232,8.8256,0.3533
10072,2022,4,3,3.3914,3.2839,3.4261,3.8204,9.1092,10.0068,0.3703
10072,2023,4,3,4.1622,4.0084,3.5644,3.5655,9.1302,9.1907,0.3612
10072,2024,4,3,3.6844,3.8263,3.6511,4.7741,9.0689,10.123,0.3656
10072,2025,4,3,4.4492,3.7558,3.5395,4.3725,9.1531,8.8547,0.3516
10073,2020,30,3,2.7799,3.1339,3.2197,3.7356,9.2502,3.9331,0.3727
10073,2021,30,3,3.107,3.4208,3.5389,2.9929,9.427,6.3489,0.3745
10073,2022,30,3,2.9756,3.1787,3.4237,3.8518,9.3798,4.9559,0.371
10073,2023,30,3,3.095,3.0382,3.5489,4.2499,9.382,5.386,0.3859
10073,2024,30,3,3.8011,3.8529,3.8164,4.6376,9.3874,5.9657,0.3764
10073,2025,30,3,4.061,3.8916,4.0354,4.7396,9.2289,6.7231,0.3856
10074,2020,25,2,3.7961,4.2479,3.524,3.903,8.8886,12.3928,0.4989
10074,2021,25,2,3.4554,3.9184,3.4442,4.3387,8.8825,12.9975,0.4867
10074,2022,25,2,3.9191,4.1566,3.8713,4.5293,8.8673,12.8872,0.5143
10074,2023,25,2,3.9091,3.9928,4.547,4.6225,8.9817,13.532,0.4906
10074,2024,25,2,4.1266,4.1941,4.1154,5,9.0483,13.8326,0.5116
10074,2025,25,2,4.4838,4.4489,4.0179,5,8.7669,14.1457,0.4781
10075,2020,3,3,3.4892,3.3747,3.0313,3.2818,9.0951,5.1648,0.3935
10075,2021,3,3,3.3809,3.233,3.0995,3.8755,9.0212,6.3324,0.3764
10075,2022,3,3,3.6809,3.2163,3.7649,3.5895,8.9322,8.3216,0.3866
10075,2023,3,3,3.8395,4.0204,3.7882,4.5132,9.0308,5.6441,0.3733
10075,2024,3,3,3.908,3.6487,3.799,4.4691,9.112,4.943,0.3845
10075,2025,3,3,3.8676,3.8078,3.8116,4.7534,9.0143,6.6356,0.3896
10076,2020,25,3,2.6298,3.514,3.2757,3.545,8.6186,10.7634,0.3705
10076,2021,25,3,3.6748,3.6318,3.2001,4.2634,8.613,11.3754,0.3947
10076,2022,25,3,3.5724,3.3884,3.5578,4.1141,8.6201,10.2963,0.3799
10076,2023,25,3,3.5676,3.7178,3.4342,4.32,8.5095,11.4116,0.4104
10076,2024,25,3,3.8687,3.9418,3.8181,4.1452,8.6777,12.0407,0.3747
10076,2025,25,3,3.6917,3.8373,3.7339,5,8.6679,10.8254,0.3771
10077,2020,28,3,3.2013,3.3451,3.4175,3.9615,8.8452,10.2011,0.4532
10077,2021,28,3,3.6438,3.7285,3.4923,3.8104,8.975,11.3792,0.4208
10077,2022,28,3,3.6207,4.1698,3.1923,3.8086,8.8332,11.675,0.4658
10077,2023,28,3,3.7256,3.8832,3.3606,4.7258,8.7237,9.8221,0.4603
10077,2024,28,3,3.8645,3.985,4.2468,3.943,8.8952,11.614,0.4444
10077,2025,28,3,3.9474,3.7853,3.6107,4.7164,8.9407,9.8811,0.4401
10078,2020,29,1,4.3032,4.2547,3.7529,4.5271,10.7107,13.3027,0.5837
10078,2021,29,1,4.1093,4.462,3.9471,5,10.5009,12.8417,0.6291
10078,2022,29,1,4.7371,4.9319,4.2229,5,10.4385,13.4914,0.6219
10078,2023,29,1,4.4153,4.6269,4.2246,4.9614,10.56,16.2595,0.6092
10078,2024,29,1,4.9416,4.33,4.4904,5,10.6084,14.9212,0.6147
10078,2025,29,1,4.9969,4.8026,4.9714,5,10.5299,14.7247,0.6099
10079,2020,5,2,3.5293,3.6224,3.7672,4.258,9.8583,10.3677,0.491
10079,2021,5,2,3.7031,4.1884,3.9586,4.388,9.6642,11.6744,0.5257
10079,2022,5,2,4.2048,3.9681,4.028,4.54,9.9107,10.5677,0.5073
10079,2023,5,2,4.1186,4.3437,4.1204,4.8182,10.0697,11.8922,0.5198
10079,2024,5,2,4.1234,4.337,4.0785,5,9.9068,13.4943,0.5061
10079,2025,5,2,4.8342,4.8582,4.4399,4.9657,9.9776,11.7039,0.5028
10080,2020,4,2,3.665,4.2546,3.3684,4.5244,10.9282,11.2258,0.3972
10080,2021,4,2,4.0967,4.2597,3.6963,4.0355,11.0482,10.9475,0.4158
10080,2022,4,2,4.0255,4.0952,4.0331,4.5659,10.8627,11.1842,0.384
10080,2023,4,2,3.9264,4.1241,4.1651,5,11.0118,12.4141,0.3878
10080,2024,4,2,4.7058,4.0429,4.0147,5,10.9768,11.1406,0.3759
10080,2025,4,2,5,4.7539,4.28,5,10.8984,12.2729,0.3909
10081,2020,26,3,2.9655,3.7076,2.7763,3.825,8.5464,8.9163,0.2854
10081,2021,26,3,3.4754,3.4061,3.3937,3.7667,8.6399,10.3558,0.2906
10081,2022,26,3,3.8087,3.0414,3.7381,3.8639,8.671,8.6596,0.2996
10081,2023,26,3,3.5476,3.1487,3.8159,3.6392,8.6685,9.2782,0.2947
10081,2024,26,3,4.021,4.0427,3.7134,4.4653,8.5514,9.515,0.3099
10081,2025,26,3,4.5254,4.3753,4.1218,4.9506,8.8196,8.8136,0.2904
10082,2020,6,1,4.1155,4.4848,3.9112,5,10.7757,16.067,0.5351
10082,2021,6,1,5,5,4.0738,5,10.565,17.7324,0.4937
10082,2022,6,1,4.651,4.6944,4.6022,5,10.7321,18.5247,0.5241
10082,2023,6,1,4.9923,5,5,5,10.6875,18.2772,0.5414
10082,2024,6,1,5,5,4.6981,5,10.865,18.3595,0.5083
10082,2025,6,1,4.9493,5,4.9446,5,10.7968,18.7099,0.5566
10083,2020,6,2,3.2737,3.8584,3.9775,4.702,10.1557,13.5588,0.4576
10083,2021,6,2,3.815,4.1856,4.1829,4.8811,10.1677,14.1843,0.4718
10083,2022,6,2,3.8986,3.9784,3.528,4.5241,10.1422,12.908,0.4568
10083,2023,6,2,3.987,4.3151,4.2814,4.8745,10.1784,14.122,0.4632
10083,2024,6,2,4.8529,3.9017,3.7664,5,10.0995,13.1048,0.4844
10083,2025,6,2,4.9593,4.6144,4.0962,5,10.1981,15.3743,0.5182
10084,2020,12,1,3.7772,4.7711,4.1822,4.7685,9.8651,14.8602,0.4662
10084,2021,12,1,3.7495,4.5143,3.8326,5,10.0343,12.8518,0.448
10084,2022,12,1,5,4.3719,4.337,5,10.053,15.2802,0.4337
10084,2023,12,1,4.5388,4.7972,4.4075,5,10.0928,14.6586,0.4758
10084,2024,12,1,4.8658,4.9801,4.619,5,9.9478,14.9596,0.4902
10084,2025,12,1,4.4661,5,4.9827,5,9.9507,15.8609,0.4777
10085,2020,30,2,3.7043,3.9138,3.4345,3.9383,8.5339,14.4641,0.4153
10085,2021,30,2,3.658,3.7853,3.7394,4.0894,8.7853,13.3825,0.45
10085,2022,30,2,3.978,3.8052,4.1041,4.6024,8.608,13.3792,0.4103
10085,2023,30,2,4.0806,3.8551,4.5857,5,8.7158,13.092,0.4569
10085,2024,30,2,4.9422,4.3099,4.2913,4.8569,8.7941,13.2641,0.4543
10085,2025,30,2,4.3389,4.378,4.0901,5,8.5718,15.7107,0.485
10086,2020,26,2,3.9423,3.7831,3.2651,4.7549,9.8814,12.4733,0.4532
10086,2021,26,2,4.0302,3.8978,3.6627,4.2418,9.8454,12.8627,0.4752
10086,2022,26,2,3.695,4.4271,3.803,5,9.9219,12.4599,0.4641
10086,2023,26,2,4.469,4.6055,3.7672,4.7406,9.765,13.993,0.4462
10086,2024,26,2,3.6494,4.3369,3.9222,4.9547,9.9543,14.0875,0.4608
10086,2025,26,2,4.667,4.6018,3.9198,5,9.8853,13.0166,0.4427
10087,2020,16,2,3.4376,4.1123,3.8864,4.7787,9.3594,14.0819,0.5236
10087,2021,16,2,4.1574,4.2099,3.4228,4.9789,9.3261,14.3923,0.4923
10087,2022,16,2,3.8052,4.1666,3.4582,4.835,9.3321,15.6297,0.4575
10087,2023,16,2,3.7597,4.1085,4.3222,5,9.5149,15.1805,0.488
10087,2024,16,2,4.4835,4.5744,4.1676,5,9.5011,15.5443,0.4841
10087,2025,16,2,4.8597,4.6744,3.9339,4.9058,9.3197,16.9724,0.5216
10088,2020,21,3,3.5375,3.6203,3.5612,4.2782,9.9917,9.8403,0.3351
10088,2021,21,3,3.5172,3.5695,3.3132,4.6883,9.9947,11.7654,0.3381
10088,2022,21,3,3.9374,3.5305,3.3859,4.4508,9.8716,10.7791,0.3462
10088,2023,21,3,3.6183,3.8968,3.7646,4.7629,9.874,12.1868,0.3502
10088,2024,21,3,4.4432,3.8604,4.0641,4.645,10.0238,11.0811,0.3849
10088,2025,21,3,3.8259,4.2548,4.0153,4.8032,10.1065,12.5255,0.3643
10089,2020,15,2,3.6474,3.5053,3.4209,4.1081,10.0569,11.2133,0.3915
10089,2021,15,2,3.3349,3.7287,3.5423,4.5662,10.2171,11.7619,0.398
10089,2022,15,2,4.2596,4.4395,4.3185,4.9851,10.0269,11.2201,0.371
10089,2023,15,2,4.6578,3.8437,3.9308,4.6008,10.2319,12.5694,0.3763
10089,2024,15,2,4.3713,4.4631,4.4432,5,10.0256,11.2038,0.4029
10089,2025,15,2,4.6166,4.13,3.8601,5,10.1845,13.0052,0.3881
10090,2020,2,2,3.7259,3.993,4.0114,4.4089,9.8574,11.0912,0.4144
10090,2021,2,2,3.9911,4.2751,3.7694,4.5753,9.8006,12.4214,0.4025
10090,2022,2,2,4.2405,4.3055,3.9614,4.3936,9.9289,12.3512,0.4101
10090,2023,2,2,4.4031,4.0734,4.4121,5,9.7597,13.1934,0.4129
10090,2024,2,2,4.2558,4.6882,4.2481,5,9.9289,14.1735,0.4146
10090,2025,2,2,4.4399,4.8766,4.291,5,9.7874,13.8334,0.4007
10091,2020,5,3,3.1849,3.7922,3.202,4.0829,8.8661,8.5436,0.4139
10091,2021,5,3,2.8798,3.1287,3.7059,3.9943,8.8965,5.7358,0.4336
10091,2022,5,3,4.0056,3.4313,3.3695,4.0679,8.989,9.5868,0.413
10091,2023,5,3,3.2536,4.1026,3.4436,3.9164,8.8869,9.4529,0.3958
10091,2024,5,3,4.5449,4.4986,3.6781,4.532,9.0593,10.1218,0.4099
10091,2025,5,3,3.5556,3.8505,3.7631,4.6939,8.918,9.256,0.4221
10092,2020,15,3,2.8372,3.4758,3.1293,3.7394,8.0843,8.9777,0.3721
10092,2021,15,3,2.8564,3.4647,2.86,3.7738,8.2371,9.4081,0.3442
10092,2022,15,3,3.5092,3.7723,3.4947,4.0789,8.0521,10.5853,0.3642
10092,2023,15,3,3.2589,3.6574,3.9022,4.1182,8.2776,9.5119,0.3779
10092,2024,15,3,4.2536,4.0784,3.85,4.4836,8.1743,9.5864,0.3425
10092,2025,15,3,3.7849,4.0684,3.9499,4.3813,8.2751,11.1499,0.3674
10093,2020,25,3,3.6753,3.1961,3.0889,3.9237,9.2841,12.8911,0.4031
10093,2021,25,3,3.7881,3.4359,2.9813,4.1391,9.0209,10.7982,0.3949
10093,2022,25,3,3.6054,3.2753,3.2386,4.2248,9.2048,10.9131,0.3752
10093,2023,25,3,4.1529,3.7152,3.4719,4.1552,9.2705,10.1129,0.4128
10093,2024,25,3,3.7371,3.9276,3.5308,4.7334,9.2711,11.4067,0.4176
10093,2025,25,3,4.7307,4.3988,3.9776,4.5955,9.223,9.0049,0.3762
10094,2020,16,2,3.4446,4.2116,3.7072,4.4755,9.397,16.3867,0.4631
10094,2021,16,2,3.5693,4.0472,3.8683,4.1821,9.5788,15.0685,0.4721
10094,2022,16,2,4.0443,4.1121,4.411,5,9.3188,15.5801,0.4537
10094,2023,16,2,4.2088,4.4673,4.0559,5,9.5132,16.8443,0.4439
10094,2024,16,2,4.4306,4.7508,4.4782,5,9.3281,17.1472,0.4534
10094,2025,16,2,4.2642,4.848,4.2256,5,9.4573,16.3368,0.4512
10095,2020,28,2,3.0202,3.6564,3.4016,3.5087,10.4258,7.1786,0.3942
10095,2021,28,2,3.9521,3.3979,3.5892,4.1622,10.376,5.4383,0.3842
10095,2022,28,2,4.2094,4.0977,4.2869,4.1173,10.319,5.0393,0.3922
10095,2023,28,2,3.6332,4.2666,3.801,4.6812,10.3172,7.0809,0.4175
10095,2024,28,2,3.528,4.5162,4.1406,4.3154,10.4958,7.1599,0.4098
10095,2025,28,2,4.1099,4.3108,3.9349,5,10.3609,7.2563,0.4358
10096,2020,11,2,3.704,4.232,3.6929,4.0713,10.0409,11.3069,0.4383
10096,2021,11,2,3.3638,4.1591,3.782,4.259,10.0304,12.1868,0.416
10096,2022,11,2,4.3188,4.071,3.6917,4.9031,10.2239,10.9244,0.4489
10096,2023,11,2,4.0802,4.5118,3.6225,4.5939,10.2152,12.3923,0.4154
10096,2024,11,2,4.0175,4.5614,4.0729,5,10.1372,12.2269,0.4167
10096,2025,11,2,4.6924,4.7096,4.2555,5,10.1469,12.2322,0.4021
10097,2020,24,3,3.6937,3.9321,3.7593,4.2474,8.5243,13.1293,0.4154
10097,2021,24,3,3.3158,3.5719,3.434,4.4368,8.6436,15.7236,0.452
10097,2022,24,3,4.4495,3.806,3.3779,4.652,8.3598,16.2496,0.4441
10097,2023,24,3,3.7867,3.8092,3.5437,4.6319,8.6439,15.9604,0.4362
10097,2024,24,3,3.7717,4.261,4.2503,4.7672,8.7909,14.7536,0.4141
10097,2025,24,3,3.6561,3.9857,4.0746,4.9028,8.6711,15.3039,0.4312
10098,2020,28,1,4.0504,4.0717,4.2351,4.9427,9.545,12.9737,0.5485
10098,2021,28,1,4.4076,4.3546,3.9645,4.482,9.4053,13.7575,0.5222
10098,2022,28,1,4.7254,5,4.5604,5,9.5029,12.3834,0.5198
10098,2023,28,1,4.5968,4.7615,4.2882,5,9.5254,13.6596,0.5008
10098,2024,28,1,4.9932,4.6297,4.5311,5,9.3428,13.6162,0.5168
10098,2025,28,1,4.8369,5,4.7241,5,9.4058,14.7535,0.5457
10099,2020,5,2,3.4026,3.68,3.4138,4.3703,9.3731,10.396,0.4878
10099,2021,5,2,3.9077,3.9504,3.8533,4.0181,9.2754,8.4799,0.4986
10099,2022,5,2,4.2426,3.7943,3.6643,4.3997,9.3478,9.1659,0.5164
10099,2023,5,2,3.6238,4.2746,3.8261,4.1478,9.2825,10.9877,0.5136
10099,2024,5,2,3.6606,4.3184,3.9394,4.7377,9.3143,8.9046,0.5098
10099,2025,5,2,4.3549,4.4246,4.4649,5,9.4889,9.7397,0.5079
10100,2020,9,2,3.7569,4.0629,3.7662,4.1717,10.193,14.5828,0.4831
10100,2021,9,2,3.5778,4.1761,3.8994,4.6615,10.0343,15.4886,0.4816
10100,2022,9,2,4.2552,4.1513,4.2973,4.595,9.9449,14.2115,0.5182
10100,2023,9,2,4.4376,4.4946,3.9972,5,10.1398,15.5439,0.5119
10100,2024,9,2,4.8507,4.249,3.9212,5,10.1222,15.2814,0.5282
10100,2025,9,2,4.0487,4.8583,4.2362,5,10.1578,16.2141,0.4901
10101,2020,9,2,3.2161,3.8376,3.4415,3.9133,9.1396,10.481,0.4814
10101,2021,9,2,3.739,3.9553,3.846,4.2312,9.2967,12.1172,0.486
10101,2022,9,2,3.9957,4.2706,3.7454,4.9356,9.2211,13.1466,0.5316
10101,2023,9,2,4.0357,3.9351,3.7335,4.9195,9.1551,10.822,0.502
10101,2024,9,2,4.672,3.9104,3.935,4.6932,9.2857,10.9721,0.5023
10101,2025,9,2,4.2013,4.5082,4.1687,5,9.059,11.3359,0.5072
10102,2020,10,2,4.0169,4.1994,3.683,4.9164,9.6785,15.4213,0.5198
10102,2021,10,2,3.9731,3.8557,3.5797,4.6212,9.7222,14.0536,0.5086
10102,2022,10,2,3.9591,4.1064,4.3539,5,9.6175,15.0327,0.5163
10102,2023,10,2,4.3738,4.2649,3.8459,5,9.6544,14.6381,0.5052
10102,2024,10,2,4.9616,4.3627,4.3737,5,9.7415,15.7212,0.5246
10102,2025,10,2,4.6223,3.9406,4.5736,5,9.544,17.9448,0.4912
10103,2020,17,3,3.1517,2.941,3.1884,3.5871,8.0182,5.5276,0.3897
10103,2021,17,3,3.4001,3.2478,3.4336,3.5383,8.2069,5.2288,0.372
10103,2022,17,3,3.0729,3.127,3.4139,3.9186,7.946,6.4309,0.3892
10103,2023,17,3,3.2337,3.4314,2.9876,4.2721,8.0316,7.4509,0.3803
10103,2024,17,3,3.5757,3.6966,3.4125,4.7128,8.1125,5.8609,0.3885
10103,2025,17,3,3.9878,3.7025,4.0874,4.8022,8.0934,6.5379,0.4021
10104,2020,11,3,3.4972,4.0235,3.1222,4.3289,9.4664,9.6025,0.373
10104,2021,11,3,3.369,3.2849,2.998,4.4602,9.5357,9.8394,0.3495
10104,2022,11,3,3.7738,4.1048,3.8019,3.9529,9.7085,11.7699,0.3545
10104,2023,11,3,3.9318,4.0575,3.5412,4.617,9.5004,12.6108,0.3791
10104,2024,11,3,3.9562,3.7165,3.7853,4.2645,9.5357,10.4919,0.3312
10104,2025,11,3,4.4077,4.3169,4.0368,4.6837,9.425,11.679,0.3735
10105,2020,15,2,3.2437,3.4012,3.3598,3.9677,9.9906,8.2884,0.4679
10105,2021,15,2,4.136,3.9424,3.176,4.1643,9.895,9.7844,0.4732
10105,2022,15,2,3.881,4.1992,3.9307,4.5919,9.9741,9.4712,0.4614
10105,2023,15,2,4.095,4.0922,3.8957,4.698,10.1028,9.4339,0.4835
10105,2024,15,2,4.4909,4.1055,3.8362,4.9853,9.9253,9.1703,0.4551
10105,2025,15,2,4.5612,4.8387,4.4461,5,9.9202,11.8296,0.4747
10106,2020,28,2,3.9929,3.7646,3.7292,4.2572,9.0053,14.2748,0.5314
10106,2021,28,2,3.4964,3.9437,3.8593,4.3864,9.2911,15.5638,0.5336
10106,2022,28,2,4.0736,4.1658,3.9591,5,9.079,13.9684,0.5239
10106,2023,28,2,4.177,4.3545,3.84,4.731,9.2264,14.6433,0.5341
10106,2024,28,2,4.6351,4.384,3.8751,5,9.2426,14.7409,0.5263
10106,2025,28,2,4.3125,4.4039,4.7202,5,9.1383,15.7873,0.5152
10107,2020,15,3,2.9894,3.6446,3.2238,3.4733,8.588,8.8185,0.406
10107,2021,15,3,3.3024,3.0558,3.0671,3.9043,8.3492,8.1699,0.3813
10107,2022,15,3,3.5604,3.7779,3.4197,3.7504,8.3191,9.4388,0.4034
10107,2023,15,3,3.7003,3.5028,3.2678,4.6864,8.1915,10.0361,0.3864
10107,2024,15,3,3.5056,3.8966,3.6267,4.5965,8.2401,11.3611,0.3982
10107,2025,15,3,3.5486,4.0262,3.9252,5,8.3965,9.394,0.3932
10108,2020,1,3,2.9127,3.294,2.7302,3.5375,9.0764,4.2499,0.4259
10108,2021,1,3,3.3774,3.4501,3.0995,4.1137,9.209,5.2131,0.422
10108,2022,1,3,3.1842,3.7203,3.4246,3.682,9.1726,5.6912,0.4342
10108,2023,1,3,3.0413,3.1572,3.4554,4.0707,9.2508,4.7816,0.4294
10108,2024,1,3,3.3097,3.5318,3.9757,4.1812,9.4021,5.8188,0.4475
10108,2025,1,3,3.9305,3.6106,4.2135,4.3922,9.2184,5.2654,0.4418
10109,2020,30,2,3.9161,3.8732,3.7234,4.2611,10.5571,12.519,0.5084
10109,2021,30,2,4.0015,4.4701,3.6051,4.728,10.6711,13.592,0.503
10109,2022,30,2,4.2203,3.8834,3.8352,5,10.4006,12.8861,0.5048
10109,2023,30,2,4.6156,4.2016,4.6207,5,10.4049,12.6839,0.4864
10109,2024,30,2,4.2503,4.4717,4.5413,5,10.5178,13.3537,0.4727
10109,2025,30,2,4.8062,4.886,4.9323,5,10.4574,12.2126,0.4742
10110,2020,20,2,3.8055,3.8055,3.4949,4.2204,8.3938,10.2917,0.4117
10110,2021,20,2,3.6788,3.5057,3.8151,3.6964,8.329,10.2659,0.4097
10110,2022,20,2,3.4229,3.4006,3.6701,4.3801,8.3816,11.4108,0.4238
10110,2023,20,2,4.1287,3.9831,3.8998,4.2171,8.1586,11.3131,0.4335
10110,2024,20,2,4.835,4.3572,4.0502,4.8168,8.2806,13.4192,0.4065
10110,2025,20,2,4.5515,4.7688,4.0813,4.958,8.4061,12.2028,0.4099
10111,2020,24,3,2.9753,3.3484,3.5076,4.09,9.4914,9.1081,0.4381
10111,2021,24,3,3.2741,3.5199,3.2689,4.4013,9.2166,7.6504,0.3998
10111,2022,24,3,3.6673,3.6792,3.042,3.9254,9.1511,8.3792,0.4274
10111,2023,24,3,3.5893,3.6681,3.8666,4.0259,9.5255,10.802,0.4082
10111,2024,24,3,3.7728,4.0789,3.5337,4.2647,9.4963,8.6629,0.3875
10111,2025,24,3,4.3207,4.0837,4.3314,4.9132,9.2745,11.4224,0.4026
10112,2020,5,3,3.7333,2.9362,3.2541,4.109,9.2373,8.7849,0.414
10112,2021,5,3,3.0932,3.8111,3.4201,3.9298,9.1781,8.3016,0.4133
10112,2022,5,3,3.3641,3.9774,3.9387,4.0045,9.5751,10.1368,0.432
10112,2023,5,3,3.8719,3.8344,3.4091,3.9732,9.4493,9.2271,0.3985
10112,2024,5,3,4.1981,3.9573,3.3497,4.4178,9.2262,9.4496,0.4239
10112,2025,5,3,4.2112,3.8319,4.0784,5,9.2591,8.2063,0.4137
10113,2020,15,1,4.4983,4.5896,3.9028,4.8425,9.7038,17.5048,0.5044
10113,2021,15,1,4.8261,4.7613,4.7206,5,9.8495,17.6924,0.518
10113,2022,15,1,4.4371,4.9239,4.2773,5,9.6309,18.9496,0.4939
10113,2023,15,1,4.4445,5,4.4719,5,9.579,18.7355,0.5456
10113,2024,15,1,4.3745,5,4.7818,5,9.8974,18.2335,0.5192
10113,2025,15,1,5,4.8571,5,5,9.6082,18.8957,0.5127
10114,2020,6,3,3.3147,2.9338,3.089,3.9918,8.4451,6.9034,0.3881
10114,2021,6,3,3.0488,3.7458,3.2865,3.9783,8.3497,8.8905,0.432
10114,2022,6,3,3.3797,3.3801,3.2681,3.8874,8.3157,9.5858,0.4127
10114,2023,6,3,3.446,3.6205,3.1849,3.725,8.4239,10.0283,0.4103
10114,2024,6,3,4.3937,3.9082,3.8706,4.5231,8.5918,9.8092,0.4415
10114,2025,6,3,3.6669,4.3185,3.7419,4.4764,8.561,10.8666,0.4528
10115,2020,4,3,3.3854,3.2469,3.3385,3.6128,9.3626,7.4257,0.3
10115,2021,4,3,3.105,3.2637,3.4694,3.9166,9.5134,8.3437,0.2966
10115,2022,4,3,3.4516,3.976,3.4623,4.016,9.5673,9.1892,0.3288
10115,2023,4,3,3.8234,3.9235,3.8281,4.2908,9.6093,7.3399,0.3152
10115,2024,4,3,3.7169,3.8649,3.031,4.2505,9.5938,7.6779,0.3208
10115,2025,4,3,3.8621,4.0093,3.9819,4.9389,9.4842,8.4003,0.2867
10116,2020,20,2,3.4837,3.7271,3.5606,4.3213,10.3781,12.0592,0.4956
10116,2021,20,2,3.7308,3.5831,3.3486,4.4853,10.2022,11.3962,0.4737
10116,2022,20,2,3.8817,3.8664,3.7141,4.7645,10.2569,11.5093,0.4701
10116,2023,20,2,4.1239,4.126,4.2404,4.6747,10.1803,11.5254,0.4514
10116,2024,20,2,3.9366,3.9539,4.4765,4.9063,10.2636,11.7982,0.4653
10116,2025,20,2,3.9871,4.6949,4.2844,4.7619,10.2656,12.8336,0.4571
10117,2020,28,2,3.8813,3.3375,4.3449,4.434,8.6176,14.5801,0.5072
10117,2021,28,2,3.847,3.5774,3.4601,4.7542,8.5886,15.2527,0.5061
10117,2022,28,2,3.5914,3.8294,4.3679,4.2657,8.7267,15.1131,0.5161
10117,2023,28,2,4.3398,3.9964,4.14,4.9152,8.7704,15.8576,0.5243
10117,2024,28,2,4.6221,4.8146,3.9193,5,8.8716,17.5076,0.5083
10117,2025,28,2,4.8379,4.322,4.204,5,8.7399,15.169,0.4933
10118,2020,13,1,4.3883,4.4784,4.0961,4.9441,9.4753,17.1127,0.6281
10118,2021,13,1,4.6961,4.2938,4.4687,4.9674,9.2785,17.068,0.6031
10118,2022,13,1,4.8009,4.8212,4.6931,5,9.2779,18.0995,0.6192
10118,2023,13,1,4.4049,4.824,4.7349,5,9.5302,19.2625,0.6169
10118,2024,13,1,5,4.8578,4.854,5,9.4562,19.7173,0.6016
10118,2025,13,1,4.6295,4.966,4.7984,5,9.3659,19.7634,0.6217
10119,2020,3,3,3.5954,2.9414,3.3784,3.8362,8.4633,10.309,0.3523
10119,2021,3,3,3.3724,3.6155,3.7641,4.2403,8.4344,10.5015,0.3386
10119,2022,3,3,3.1467,3.825,3.2001,4.5113,8.4279,10.7407,0.3518
10119,2023,3,3,3.8925,3.5308,3.4461,4.0374,8.599,11.0883,0.3398
10119,2024,3,3,3.4672,3.744,4.0236,4.4841,8.5679,10.3665,0.3574
10119,2025,3,3,4.1057,3.6665,4.1601,4.9643,8.6627,10.7483,0.3778
10120,2020,13,2,3.7355,3.6547,3.5419,3.5858,9.2028,10.3909,0.426
10120,2021,13,2,3.7865,4.573,3.3896,4.4887,9.4765,10.4878,0.4404
10120,2022,13,2,4.0064,4.2422,4.0895,4.2194,9.3676,11.8913,0.4134
10120,2023,13,2,4.3083,4.2535,4.1655,4.8773,9.4326,10.999,0.4226
10120,2024,13,2,4.1492,4.3605,3.7086,5,9.3365,12.5543,0.4437
10120,2025,13,2,4.2572,4.5035,4.3967,5,9.6122,11.9351,0.4383
10121,2020,3,2,3.7343,3.7315,3.6578,4.015,8.749,12.9432,0.4211
10121,2021,3,2,3.6054,4.2695,3.6782,4.5856,8.7972,13.1713,0.4182
10121,2022,3,2,4.202,4.3119,3.922,4.5037,8.5411,14.3854,0.4196
10121,2023,3,2,4.1613,4.3403,4.0547,4.6066,8.8971,13.1256,0.405
10121,2024,3,2,4.5761,4.3115,3.6337,4.9308,8.6502,14.423,0.4012
10121,2025,3,2,4.7817,4.373,4.4134,4.8576,8.7944,14.8887,0.4058
10122,2020,31,2,3.7506,3.3845,3.5676,3.8162,9.2341,12.2175,0.4955
10122,2021,31,2,4.2263,3.9779,3.8591,4.4876,9.3726,12.7445,0.4989
10122,2022,31,2,4.1148,4.1386,4.2744,4.6091,9.3296,10.6998,0.5127
10122,2023,31,2,3.9267,4.3916,3.9929,4.8101,9.5147,12.7016,0.5235
10122,2024,31,2,3.9364,4.0567,4.0924,5,9.6128,13.4058,0.5109
10122,2025,31,2,4.5552,4.6944,4.1073,5,9.6118,12.2715,0.5347
10123,2020,28,3,2.828,3.5232,3.2544,3.9701,8.9535,10.6663,0.3378
10123,2021,28,3,3.2801,3.5262,3.2614,4.2337,8.7883,10.188,0.359
10123,2022,28,3,3.1367,3.7582,3.4911,4.1806,8.8545,10.7791,0.3612
10123,2023,28,3,3.2712,4.0516,3.7784,3.9755,8.9144,10.6756,0.3479
10123,2024,28,3,4.0315,3.6467,4.1145,4.8962,9.0192,10.7807,0.3558
10123,2025,28,3,4.1566,4.0541,3.9621,5,8.9926,12.7103,0.3578
10124,2020,18,2,3.1768,3.7042,3.9258,4.2149,10.0264,10.2535,0.468
10124,2021,18,2,4.418,3.5885,3.6959,3.7933,10.1078,10.9211,0.4597
10124,2022,18,2,3.9523,4.0076,3.6133,5,10.2603,11.2664,0.4655
10124,2023,18,2,3.6877,4.2516,3.8341,4.8218,10.0125,11.1033,0.4669
10124,2024,18,2,4.7131,4.3352,4.0252,4.9512,10.1213,12.182,0.455
10124,2025,18,2,4.175,4.5712,4.5488,5,10.1658,12.9779,0.4445
10125,2020,27,2,3.0709,3.2286,3.8614,3.6052,8.317,9.4011,0.4505
10125,2021,27,2,3.5822,3.9467,3.7407,4.0754,8.4173,11.0596,0.4569
10125,2022,27,2,3.6541,3.9518,3.8423,4.1633,8.408,10.9312,0.4497
10125,2023,27,2,3.8655,3.7706,3.7122,4.2717,8.2495,11.0825,0.4422
10125,2024,27,2,3.7146,4.2959,4.0758,4.2501,8.2901,10.6517,0.4258
10125,2025,27,2,4.5668,4.1623,3.7048,4.8649,8.4604,11.0238,0.4568
10126,2020,16,2,3.7358,3.4074,3.8329,3.8933,10.1086,9.0858,0.4244
10126,2021,16,2,4.1884,4.0628,4.0124,4.1833,10.2415,9.4411,0.3805
10126,2022,16,2,4.061,3.5968,4.2222,4.2517,10.1261,9.6622,0.4343
10126,2023,16,2,4.0509,4.0125,4.3648,4.8883,10.1475,11.3685,0.4106
10126,2024,16,2,3.6719,4.7546,4.1832,4.876,10.0379,10.8147,0.3868
10126,2025,16,2,4.6307,4.4575,4.4628,5,10.183,11.3315,0.3779
10127,2020,13,2,2.8971,3.2227,3.1291,3.6637,8.1163,9.8384,0.5417
10127,2021,13,2,3.826,3.5355,3.7074,3.9255,8.174,8.7691,0.5455
10127,2022,13,2,3.5978,4.0642,3.4199,3.8759,8.0746,9.5336,0.5335
10127,2023,13,2,3.7802,4.1981,3.7994,4.7272,8.0921,8.8742,0.5692
10127,2024,13,2,4.0025,4.759,4.2956,5,8.1453,10.3359,0.5416
10127,2025,13,2,4.0763,4.1507,3.7781,4.6594,8.0418,9.9925,0.5424
10128,2020,10,3,3.5167,2.8433,3.4844,3.9298,9.389,7.2114,0.3394
10128,2021,10,3,3.7173,3.3605,3.0388,3.6847,9.3384,8.2492,0.3618
10128,2022,10,3,3.8128,3.2269,3.4795,4.4715,9.1807,8.7888,0.32
10128,2023,10,3,3.7038,3.7874,3.57,4.5052,9.3004,9.2753,0.3576
10128,2024,10,3,3.2889,4.2154,3.7115,4.6787,9.2736,9.3895,0.3425
10128,2025,10,3,4.2076,4.3682,3.7101,4.7596,9.4072,9.2909,0.3315
10129,2020,19,2,3.1568,3.656,3.6442,3.971,9.1524,11.1016,0.4531
10129,2021,19,2,3.4255,3.9821,3.7331,4.1538,9.2963,11.5214,0.45
10129,2022,19,2,3.7705,4.1,3.8774,4.5348,9.4227,11.6177,0.4732
10129,2023,19,2,3.9615,4.177,4.0171,5,9.2835,11.4684,0.4319
10129,2024,19,2,4.9165,4.4036,4.2966,5,9.3936,13.114,0.4332
10129,2025,19,2,4.4581,4.4289,4.4235,5,9.5246,11.0319,0.4371
10130,2020,15,3,3.2435,3.0408,3.2812,4.1402,8.2792,8.8116,0.325
10130,2021,15,3,3.2888,3.5549,3.2282,3.816,8.3664,7.3303,0.3193
10130,2022,15,3,3.7439,3.7692,3.5601,4.1954,8.4797,11.1321,0.3336
10130,2023,15,3,3.4464,3.7193,3.4637,4.2847,8.514,9.7057,0.327
10130,2024,15,3,4.0535,4.1772,3.9472,4.4889,8.3631,8.5848,0.3395
10130,2025,15,3,3.8799,3.9905,3.9352,4.8677,8.4336,8.786,0.3609
10131,2020,18,2,3.6482,3.9296,3.1422,3.6284,9.048,5.9707,0.4197
10131,2021,18,2,3.787,3.8223,3.2377,3.9087,8.8802,7.0004,0.4381
10131,2022,18,2,3.5653,3.7045,3.803,4.6948,8.8635,7.7048,0.4129
10131,2023,18,2,3.7181,3.7306,4.1399,4.045,9.1085,8.5309,0.4261
10131,2024,18,2,4.0093,3.9361,3.7706,4.4509,8.9801,6.2107,0.4269
10131,2025,18,2,3.8063,4.3129,4.0099,5,8.9456,8.4007,0.4407
10132,2020,17,2,3.6598,3.5971,3.4512,4.722,10.1647,11.3108,0.4389
10132,2021,17,2,4.4828,4.1092,3.5158,4.2215,10.2554,8.5491,0.4442
10132,2022,17,2,4.1212,4.5325,3.8051,4.1759,10.3694,10.458,0.4592
10132,2023,17,2,4.2768,4.0217,4.287,5,10.1923,10.8702,0.4434
10132,2024,17,2,4.3877,4.171,3.5597,4.7298,10.285,10.4177,0.4314
10132,2025,17,2,4.5924,4.3813,4.558,4.7451,10.3663,12.1954,0.4463
10133,2020,16,2,3.4559,3.8082,3.7458,4.7893,10.477,8.647,0.514
10133,2021,16,2,3.7353,4.0792,3.7577,4.7682,10.3093,10.137,0.515
10133,2022,16,2,4.1511,4.0133,3.9735,4.9843,10.311,9.9211,0.5477
10133,2023,16,2,3.9612,4.0997,3.7419,4.7505,10.4533,9.6883,0.528
10133,2024,16,2,4.1716,4.4137,4.5748,4.6823,10.4077,10.8435,0.5309
10133,2025,16,2,4.6354,3.9844,4.5342,5,10.4412,10.1966,0.5113
10134,2020,29,1,4.194,4.4866,4.0973,4.7088,9.3187,16.694,0.5212
10134,2021,29,1,4.533,4.3505,4.3039,4.6798,9.3743,15.7029,0.5703
10134,2022,29,1,4.2378,4.9323,4.1575,5,9.3272,17.3907,0.5301
10134,2023,29,1,4.6037,5,4.0177,5,9.4598,17.9386,0.5469
10134,2024,29,1,4.2449,4.8331,4.1392,5,9.4473,16.9873,0.5507
10134,2025,29,1,5,4.9249,5,5,9.2249,18.0465,0.5302
10135,2020,19,2,3.8744,3.975,3.7479,4.3662,10.1184,9.9183,0.4719
10135,2021,19,2,4.1809,3.8632,3.5245,4.9916,10.0898,11.4466,0.4469
10135,2022,19,2,3.9257,3.7553,3.5034,4.6329,10.2274,9.6232,0.4594
10135,2023,19,2,3.7408,4.4451,4.0397,4.6991,10.1781,11.3532,0.494
10135,2024,19,2,3.8749,4.5421,4.3047,4.5621,10.0786,12.6763,0.4937
10135,2025,19,2,4.9689,4.5419,4.6522,5,10.0585,11.6007,0.4889
10136,2020,15,3,3.133,2.9863,3.4702,4.0313,9.3293,8.4787,0.2915
10136,2021,15,3,3.1085,3.9626,3.3299,4.2135,9.0462,8.2167,0.2925
10136,2022,15,3,2.8068,4.1967,3.7788,3.9799,9.1374,8.6836,0.2852
10136,2023,15,3,3.9081,4.0075,3.9661,4.3467,9.2447,9.1193,0.2947
10136,2024,15,3,3.7449,3.7647,3.8164,4.6681,9.2102,9.3857,0.2933
10136,2025,15,3,4.0562,3.873,3.8186,5,9.2031,8.6294,0.2953
10137,2020,26,3,3.0335,3.4091,3.1853,4.0817,8.974,7.7536,0.3075
10137,2021,26,3,2.9359,3.3682,3.5222,4.1676,9.1197,8.0346,0.2849
10137,2022,26,3,3.2521,3.848,3.8639,3.8372,9.027,10.3298,0.2903
10137,2023,26,3,4.2737,3.7224,3.3774,4.4835,9.2296,8.8012,0.2875
10137,2024,26,3,4.6755,4.1602,3.7543,4.7908,9.2157,9.5136,0.2736
10137,2025,26,3,3.7124,4.0843,4.0991,4.6131,9.0246,11.4389,0.2994
10138,2020,5,3,2.9967,2.7046,3.1453,3.8707,8.4064,9.1891,0.3949
10138,2021,5,3,3.7537,3.6851,3.2217,4.0172,8.681,9.3968,0.391
10138,2022,5,3,3.3008,3.7723,3.7323,4.2205,8.8084,10.1998,0.3977
10138,2023,5,3,3.5573,3.8722,3.4991,3.8977,8.6699,10.0251,0.3726
10138,2024,5,3,3.9353,4,3.8122,5,8.555,11.573,0.4151
10138,2025,5,3,4.0108,4.0744,4.0057,4.6286,8.5419,10.7835,0.4029
10139,2020,21,2,3.4676,3.7489,4.0548,4.1204,9.6263,10.294,0.4758
10139,2021,21,2,3.4462,3.8997,3.8442,5,9.7534,11.2989,0.4813
10139,2022,21,2,4.1951,3.9852,3.7191,4.7016,9.6766,11.1976,0.4636
10139,2023,21,2,4.0896,4.02,3.7999,4.7564,9.7293,11.8442,0.4754
10139,2024,21,2,4.2638,4.2842,4.3559,4.8982,9.6817,12.7691,0.4588
10139,2025,21,2,4.0934,4.8766,4.2167,4.6673,9.6104,11.1804,0.4932
10140,2020,25,2,3.2927,3.6163,3.2064,4.209,8.2913,7.2365,0.4676
10140,2021,25,2,3.3,3.8681,3.3446,3.6699,8.3552,7.859,0.4854
10140,2022,25,2,4.0394,3.2516,3.3334,4.3543,8.4432,8.0827,0.4937
10140,2023,25,2,4.2199,3.584,3.7659,4.7375,8.3154,9.5216,0.4988
10140,2024,25,2,4.2064,3.7717,3.8024,4.7169,8.5191,9.8523,0.4668
10140,2025,25,2,3.7782,4.628,4.4046,4.7849,8.4572,8.8238,0.4966
10141,2020,13,3,3.0616,3.527,2.9922,4.0698,10.0193,7.6582,0.4387
10141,2021,13,3,3.905,3.5786,3.8272,4.0567,9.7257,8.2589,0.3951
10141,2022,13,3,3.6311,3.545,3.5035,4.0572,9.7912,8.8011,0.4524
10141,2023,13,3,3.1342,3.8123,3.3691,4.6851,9.6669,7.8701,0.4161
10141,2024,13,3,3.9235,3.8995,3.775,4.5278,9.7963,9.9055,0.4077
10141,2025,13,3,4.117,4.3956,4.2812,5,9.8696,10.1851,0.4127
10142,2020,8,2,4.0064,3.3767,3.3092,4.2331,10.0335,10.3758,0.4836
10142,2021,8,2,3.7529,4.0244,3.8523,4.8839,10.163,10.4266,0.4735
10142,2022,8,2,4.316,3.8813,3.8683,4.9684,10.1615,11.3115,0.5167
10142,2023,8,2,4.1273,3.733,3.5153,4.8123,10.213,11.6506,0.4622
10142,2024,8,2,4.5977,4.4855,4.339,5,10.0115,12.6954,0.5092
10142,2025,8,2,3.9465,4.5684,4.3049,5,10.0775,14.0863,0.4848
10143,2020,11,2,3.8658,4.1843,4.0539,4.2177,10.1993,14.0872,0.4633
10143,2021,11,2,4.7437,3.7562,4.0653,4.5627,10.1025,13.3884,0.4561
10143,2022,11,2,3.975,4.2938,4.5899,4.5576,10.241,13.5806,0.4613
10143,2023,11,2,4.6249,4.3127,3.9701,4.9858,10.316,12.2409,0.4782
10143,2024,11,2,4.9348,4.634,4.2335,5,10.1048,13.3613,0.4897
10143,2025,11,2,4.7638,4.677,4.6404,5,10.0849,13.1446,0.4555
10144,2020,13,3,3.63,3.1893,2.8827,4.1331,9.7306,8.1769,0.3714
10144,2021,13,3,3.3163,3.9069,3.3395,3.6546,9.6067,8.2763,0.3723
10144,2022,13,3,3.7125,3.6522,3.622,3.7571,9.5607,9.4137,0.3827
10144,2023,13,3,4.1831,4.0294,3.8278,4.5434,9.5553,9.3337,0.3805
10144,2024,13,3,4.1598,3.9253,4.3203,4.7582,9.6649,10.064,0.3988
10144,2025,13,3,4.3624,4.4547,3.9374,4.5154,9.5137,9.6545,0.3954
10145,2020,21,3,3.2129,3.1931,3.1185,3.4352,8.7623,8.063,0.3174
10145,2021,21,3,2.9539,3.4149,3.0078,4.1071,8.7101,7.6945,0.3009
10145,2022,21,3,3.2904,3.8194,3.6061,3.8838,8.8578,8.959,0.3089
10145,2023,21,3,3.7439,3.7008,3.6908,4.576,8.67,9.3245,0.3446
10145,2024,21,3,3.8562,3.7731,3.8309,4.1068,8.7528,9.5742,0.3208
10145,2025,21,3,4.1092,3.6474,3.92,5,8.7764,8.6442,0.3196
10146,2020,23,2,3.7935,4.095,3.7084,4.4079,9.491,11.8103,0.4389
10146,2021,23,2,3.8813,3.335,3.75,3.9978,9.4669,11.8884,0.441
10146,2022,23,2,3.9713,3.7671,3.6948,4.3157,9.3387,11.4986,0.4442
10146,2023,23,2,4.3447,4.1332,4.3818,4.1385,9.4729,11.189,0.4634
10146,2024,23,2,4.2468,3.9013,4.0564,5,9.3018,12.48,0.4243
10146,2025,23,2,4.7197,4.2874,4.4801,5,9.3713,12.2122,0.4491
10147,2020,16,2,3.7612,4.2949,3.8422,4.174,9.3734,10.0997,0.407
10147,2021,16,2,3.6793,3.9955,3.4776,4.1532,9.4115,11.8738,0.4433
10147,2022,16,2,3.9392,4.0915,3.9991,4.5246,9.6047,11.4105,0.4345
10147,2023,16,2,4.0561,4.0215,4.2116,4.506,9.3973,13.6945,0.4106
10147,2024,16,2,4.4258,4.495,4.1071,4.7396,9.5641,11.9199,0.4368
10147,2025,16,2,4.1534,4.3381,3.9421,5,9.5753,12.711,0.4371
10148,2020,5,3,3.0804,3.3113,3.0545,3.7339,8.6963,13.0187,0.4984
10148,2021,5,3,3.3559,3.334,3.3369,3.9201,8.7602,11.0332,0.5123
10148,2022,5,3,3.2431,3.4939,3.7327,4.2537,8.5908,9.8257,0.4834
10148,2023,5,3,3.5215,3.6478,3.689,3.9129,8.5821,11.3766,0.5445
10148,2024,5,3,3.5277,3.3519,3.7794,4.723,8.6453,11.9741,0.5118
10148,2025,5,3,4.3044,3.7313,3.7006,5,8.6423,12.9588,0.4807
10149,2020,23,2,3.4342,4.0508,3.3213,4.4912,9.4806,9.8012,0.5125
10149,2021,23,2,3.6569,3.6677,3.5247,4.5328,9.5537,10.2097,0.4972
10149,2022,23,2,4.1344,4.1479,3.8956,4.8968,9.3045,10.4109,0.5322
10149,2023,23,2,4.2354,4.2055,4.3243,5,9.6575,12.8564,0.5487
10149,2024,23,2,4.6368,4.0333,4.3316,5,9.4112,11.4545,0.5083
10149,2025,23,2,4.7598,4.7249,4.0955,5,9.6903,11.3217,0.5281
10150,2020,12,2,4.1065,3.5574,3.4681,4.2716,10.3576,8.9318,0.394
10150,2021,12,2,4.0212,4.1574,3.7096,4.1642,10.1423,9.3676,0.3918
10150,2022,12,2,3.9998,3.9909,3.9174,4.4649,10.3797,7.3091,0.396
10150,2023,12,2,4.1519,4.3255,4.3882,4.5059,10.2523,9.0522,0.4021
10150,2024,12,2,4.1736,4.1183,4.0196,4.3573,10.3557,9.2989,0.3775
10150,2025,12,2,4.6534,4.852,4.4934,5,10.2463,10.1643,0.382
10151,2020,20,1,3.7338,4.4347,3.7615,4.4965,10.1144,11.7192,0.6255
10151,2021,20,1,4.0067,4.3106,4.1604,5,9.9535,13.1459,0.6135
10151,2022,20,1,4.3492,4.3363,4.6559,5,10.0154,13.351,0.6265
10151,2023,20,1,5,4.5986,4.6842,5,9.8071,13.8134,0.6526
10151,2024,20,1,4.4383,4.3912,4.5198,5,10.1014,14.1142,0.6182
10151,2025,20,1,4.7663,4.625,4.7041,5,9.9948,14.059,0.6422
10152,2020,3,1,3.587,4.347,4.0878,4.7056,11.0468,17.182,0.5115
10152,2021,3,1,4.6201,4.0085,4.2281,5,10.8039,14.7938,0.5106
10152,2022,3,1,5,4.7871,4.4625,5,10.9922,18.0151,0.508
10152,2023,3,1,4.2592,5,4.7511,5,11.116,16.2939,0.5165
10152,2024,3,1,4.7208,4.7347,4.2766,5,10.9977,15.6073,0.5215
10152,2025,3,1,4.8033,5,4.7231,5,10.999,15.8551,0.509
10153,2020,26,2,3.2766,3.8523,3.2115,3.3727,9.0986,6.0316,0.4128
10153,2021,26,2,3.461,3.6934,3.3858,3.8876,9.2263,6.2443,0.4075
10153,2022,26,2,3.8056,3.1653,3.3701,4.2617,9.1237,7.212,0.3895
10153,2023,26,2,4.2195,3.8484,4.1275,4.5967,9.3545,5.9522,0.429
10153,2024,26,2,4.1877,3.7755,3.6637,4.539,9.1632,6.4748,0.4104
10153,2025,26,2,4.5987,4.1438,4.5833,4.5957,9.4312,8.4627,0.3788
10154,2020,18,1,4.839,4.2322,3.9728,5,10.4148,18.1282,0.5338
10154,2021,18,1,4.3185,4.2639,4.1945,5,10.2161,19.1613,0.5365
10154,2022,18,1,5,4.3446,4.3878,4.9943,10.3473,17.9043,0.554
10154,2023,18,1,4.6911,5,4.8432,5,10.4202,19.6906,0.5571
10154,2024,18,1,4.9408,5,4.4566,5,10.5462,17.9239,0.5137
10154,2025,18,1,5,5,5,5,10.4421,19.7692,0.5844
10155,2020,7,2,3.7571,3.6555,3.5723,4.5368,9.0829,10.851,0.532
10155,2021,7,2,3.1035,3.6082,3.4291,3.9705,8.903,11.6927,0.5344
10155,2022,7,2,3.8073,4.1878,3.6488,4.5935,9.0695,11.6138,0.5421
10155,2023,7,2,4.0364,4.1221,4.4427,5,9.0621,13.0883,0.5235
10155,2024,7,2,4.2524,4.8037,4.4231,4.8021,9.0194,12.6837,0.5449
10155,2025,7,2,4.8351,4.5842,4.7453,4.6847,9.0268,13.922,0.5407
10156,2020,25,3,3.0919,3.2113,3.4024,3.9166,7.9837,11.3148,0.386
10156,2021,25,3,3.4132,3.2735,3.3772,3.9429,7.8587,10.9091,0.3658
10156,2022,25,3,3.4704,3.3152,3.4235,3.9918,7.8282,11.8389,0.357
10156,2023,25,3,2.8138,3.8686,3.8613,4.2283,8.002,11.3953,0.3672
10156,2024,25,3,4.1609,4.291,3.6116,4.3926,7.9662,11.595,0.3588
10156,2025,25,3,3.6768,3.9625,3.5612,3.8668,8.0376,12.26,0.3882
10157,2020,17,3,3.6363,3.3548,3.4038,3.578,7.6711,11.1304,0.3388
10157,2021,17,3,3.4603,3.2519,3.1715,4.6083,7.8896,11.8177,0.3511
10157,2022,17,3,3.5245,3.7626,3.4863,4.0158,7.8474,12.2269,0.3224
10157,2023,17,3,3.9313,3.7924,3.5468,4.664,7.9251,11.9855,0.3094
10157,2024,17,3,3.981,4.0375,3.6975,5,7.8794,12.9956,0.3391
10157,2025,17,3,3.8636,4.4513,3.899,4.8453,7.9477,12.3768,0.3202
10158,2020,29,2,3.2174,3.3422,3.0895,4.0522,9.0816,8.2795,0.3853
10158,2021,29,2,3.9637,3.6843,3.2763,3.9713,8.728,8.2466,0.3985
10158,2022,29,2,3.6676,4.2329,3.9608,3.7545,8.9108,8.925,0.4078
10158,2023,29,2,3.8872,4.3932,3.9947,4.4929,9.176,9.2512,0.3799
10158,2024,29,2,4.7015,4.6844,3.9986,5,8.9372,9.4022,0.39
10158,2025,29,2,3.8772,4.1031,4.6297,5,9.0592,9.1037,0.3768
10159,2020,5,2,3.0585,3.4546,3.1687,4.1108,8.5329,6.4585,0.4785
10159,2021,5,2,3.0029,3.8288,3.4154,4.2012,8.6729,6.9774,0.4767
10159,2022,5,2,3.545,4.0934,3.1605,4.2809,8.4749,7.463,0.4496
10159,2023,5,2,4.444,4.0446,3.9005,3.9425,8.5731,7.1654,0.4903
10159,2024,5,2,4.4784,3.8842,3.4983,4.564,8.457,8.2596,0.4924
10159,2025,5,2,3.8301,4.1477,4.3355,5,8.6077,8.3165,0.4759
10160,2020,21,2,3.362,3.543,4.0752,4.1695,8.8078,12.1626,0.526
10160,2021,21,2,4.069,4.0074,3.5729,4.5423,8.9159,13.7843,0.5367
10160,2022,21,2,4.0765,4.4146,3.8797,4.3773,8.986,13.1156,0.5156
10160,2023,21,2,4.3654,3.7018,4.1955,4.9718,8.8593,11.5246,0.5176
10160,2024,21,2,4.4166,4.3319,4.1614,4.9019,8.9491,14.4722,0.5618
10160,2025,21,2,4.4846,4.6006,4.3809,5,8.89,13.5265,0.5195
10161,2020,3,2,3.5238,4.1425,3.5176,4.4556,9.2878,14.3705,0.5268
10161,2021,3,2,3.6024,4.3432,4.2721,4.9635,9.3668,14.2351,0.5238
10161,2022,3,2,4.0624,4.3578,3.8443,4.2589,9.4741,14.1613,0.5086
10161,2023,3,2,4.023,3.9561,3.7756,4.827,9.3863,16.2079,0.4931
10161,2024,3,2,4.2996,4.5294,4.4104,5,9.5099,14.7668,0.5158
10161,2025,3,2,4.7301,4.5178,4.5915,5,9.3506,15.2605,0.5189
10162,2020,5,2,3.094,3.7198,3.3718,4.3317,9.2116,14.4846,0.4849
10162,2021,5,2,3.596,4.2695,3.8408,4.6024,9.1618,12.9901,0.4809
10162,2022,5,2,4.4067,4.7579,3.8428,4.7384,9.0908,14.5795,0.4984
10162,2023,5,2,4.1297,4.3769,3.9137,4.0464,9.2334,13.0563,0.5074
10162,2024,5,2,3.8846,4.4607,4.6187,5,9.0495,13.1384,0.5195
10162,2025,5,2,4.9399,4.7943,4.3077,5,9.2641,14.9775,0.4973
10163,2020,8,3,2.9322,2.8586,3.138,3.1935,7.4751,8.3552,0.3535
10163,2021,8,3,3.1152,3.1145,2.6675,3.3719,7.238,7.7596,0.3742
10163,2022,8,3,3.8058,3.3438,3.1266,3.5057,7.4722,8.5551,0.3576
10163,2023,8,3,3.2255,3.7961,3.6295,3.914,7.5809,10.2879,0.3713
10163,2024,8,3,3.6642,3.4843,3.7188,4.1503,7.574,8.8674,0.3926
10163,2025,8,3,3.6375,3.9384,3.5668,4.338,7.607,8.9694,0.3844
10164,2020,5,2,2.9767,3.6296,3.0266,4.3047,9.2378,9.1023,0.4497
10164,2021,5,2,3.8352,3.6244,3.5219,3.7553,9.0694,10.6514,0.4708
10164,2022,5,2,3.8337,4.7023,3.3139,4.5916,9.2452,11.7217,0.4496
10164,2023,5,2,4.2761,3.6914,3.5624,5,9.141,11.3032,0.4454
10164,2024,5,2,4.2935,4.2082,4.6619,4.8147,9.2641,11.3636,0.4783
10164,2025,5,2,4.7525,4.4687,3.9887,5,9.3868,11.8329,0.4426
10165,2020,1,3,2.9296,3.3082,3.0901,3.3058,8.4122,4.3727,0.3899
10165,2021,1,3,3.4146,3.0386,3.1168,3.9162,8.5802,4.3315,0.3785
10165,2022,1,3,3.7724,3.4201,3.3543,4.0462,8.6751,5.6328,0.4014
10165,2023,1,3,3.4738,3.377,3.1344,3.7624,8.3187,4.4407,0.3734
10165,2024,1,3,3.8223,3.1977,3.8514,4.3397,8.3971,4.211,0.3843
10165,2025,1,3,4.0242,4.1622,3.5733,4.6057,8.5036,6.2245,0.3801
10166,2020,31,3,3.4046,3.2502,3.4979,3.1426,8.3992,13.3951,0.4245
10166,2021,31,3,3.3035,3.4756,3.5972,4.0625,8.2558,14.3616,0.4472
10166,2022,31,3,3.9542,4.0171,3.3989,4.1988,8.3855,12.3357,0.4716
10166,2023,31,3,3.8026,3.6396,3.8263,4.6046,8.4971,14.0896,0.4362
10166,2024,31,3,4.08,4.042,4.0747,3.8958,8.1679,14.6314,0.4309
10166,2025,31,3,4.196,4.1344,3.9127,4.8122,8.3765,14.1407,0.4434
10167,2020,13,3,3.1091,3.3455,3.2108,3.8555,8.8957,10.059,0.3424
10167,2021,13,3,3.3911,3.5834,3.1808,4.316,9.0237,12.0799,0.3439
10167,2022,13,3,3.6369,3.9219,3.6376,3.8852,8.9986,9.3072,0.3099
10167,2023,13,3,3.6331,3.334,3.1721,4.5876,9.0691,8.6821,0.3327
10167,2024,13,3,4.3017,3.8814,4.0848,4.6481,8.8915,11.064,0.3266
10167,2025,13,3,3.9972,4.0747,3.9353,4.6221,8.9924,12.0266,0.3162
10168,2020,25,1,4.4078,4.3892,4.1632,5,10.3034,17.363,0.5663
10168,2021,25,1,4.5111,4.3658,4.3693,5,10.4415,18.9056,0.5564
10168,2022,25,1,4.0798,4.6354,4.52,5,10.329,18.3651,0.5871
10168,2023,25,1,4.0286,5,4.0593,5,10.3664,17.8539,0.5819
10168,2024,25,1,4.8712,4.9909,4.4107,5,10.4956,18.9607,0.5562
10168,2025,25,1,4.6381,4.9455,4.9365,5,10.4038,20.0139,0.5684
10169,2020,10,2,3.4274,3.7757,3.5523,3.845,9.5342,8.914,0.4866
10169,2021,10,2,3.6557,4.2228,3.6384,3.9175,9.2068,10.3576,0.5348
10169,2022,10,2,3.8451,3.6966,4.0844,4.5806,9.376,9.761,0.5303
10169,2023,10,2,4.4055,3.7971,3.8723,4.8158,9.2451,11.8327,0.5462
10169,2024,10,2,3.7059,4.3274,4.0191,5,9.4745,10.8853,0.5263
10169,2025,10,2,4.3621,4.6149,4.0236,5,9.4747,10.255,0.5173
10170,2020,25,3,2.4931,3.3979,3.2892,3.599,9.0535,8.6406,0.4258
10170,2021,25,3,3.0653,3.329,3.1144,4.0859,8.871,8.3028,0.4053
10170,2022,25,3,3.3273,3.4434,3.1672,4.2078,8.8955,7.2365,0.4245
10170,2023,25,3,3.5882,3.7925,3.4763,4.3117,8.8244,7.8094,0.4225
10170,2024,25,3,3.2322,3.6906,4.0999,4.2847,8.9834,7.3345,0.4276
10170,2025,25,3,4.1245,3.9688,3.9275,4.911,8.8657,10.0872,0.4441
10171,2020,6,3,2.9236,3.0982,2.5696,3.2831,8.0002,6.7401,0.3545
10171,2021,6,3,3.8443,3.4833,3.3118,3.7111,8.0133,6.582,0.3804
10171,2022,6,3,2.798,3.3644,3.3387,3.8627,8.0064,6.5812,0.3715
10171,2023,6,3,3.645,3.4118,3.8822,3.6741,7.872,6.1616,0.36
10171,2024,6,3,3.3106,3.2671,4.2349,4.0514,8.2176,8.2625,0.3719
10171,2025,6,3,3.8132,4.0278,3.6566,4.4283,7.943,7.5489,0.3747
10172,2020,27,3,3.3484,3.2502,2.3343,3.5665,9.0027,5.3863,0.4667
10172,2021,27,3,3.8819,2.7955,3.0914,3.8832,8.9554,6.6422,0.4538
10172,2022,27,3,3.0263,3.0185,3.5265,3.5499,8.8759,7.0034,0.464
10172,2023,27,3,3.2574,3.3336,3.7905,3.9239,8.9482,5.0934,0.4383
10172,2024,27,3,4.0175,3.6046,3.7092,3.9774,8.925,5.0705,0.4685
10172,2025,27,3,3.6481,3.6721,3.8006,4.1439,8.9017,5.2946,0.4553
10173,2020,20,2,4.1467,3.4629,3.4103,4.5015,9.3732,11.9683,0.4781
10173,2021,20,2,4.4644,3.5825,3.7286,4.189,9.4761,12.0006,0.4539
10173,2022,20,2,3.9651,3.8406,4.039,4.6306,9.4322,12.6973,0.45
10173,2023,20,2,4.0011,3.7218,3.8704,5,9.477,12.1049,0.4842
10173,2024,20,2,3.9879,5,4.0726,5,9.2943,12.2669,0.4511
10173,2025,20,2,4.7809,4.1581,3.9245,5,9.5739,13.2384,0.4698
10174,2020,7,3,3.4255,3.3574,3.7885,4.0216,9.8773,8.3861,0.4119
10174,2021,7,3,3.593,3.1612,3.1293,3.9904,9.7479,8.9828,0.4218
10174,2022,7,3,3.4626,3.5985,3.425,4.3477,9.6844,8.9878,0.4312
10174,2023,7,3,3.8149,3.9982,3.5949,4.1176,9.767,9.4196,0.4366
10174,2024,7,3,3.7805,4.2245,3.7228,5,9.6713,9.7014,0.4201
10174,2025,7,3,4.0624,4.216,4.1496,4.8601,9.72,8.8846,0.4342
10175,2020,5,3,3.5331,3.0321,2.9241,3.5606,8.8244,8.1995,0.3477
10175,2021,5,3,3.1097,3.5329,2.9503,3.9301,8.6286,7.6384,0.3249
10175,2022,5,3,2.9688,3.6434,3.3208,4.2676,8.7892,6.7276,0.3307
10175,2023,5,3,3.2025,3.6562,3.9665,4.1924,8.7019,9.1973,0.3547
10175,2024,5,3,3.9476,3.6039,3.5801,4.5972,8.7337,8.8432,0.3672
10175,2025,5,3,4.1061,3.9583,3.4992,4.6315,8.7778,7.9564,0.371
10176,2020,3,2,4.3775,4.1074,3.9073,4.6976,9.6409,11.9415,0.5618
10176,2021,3,2,4.1963,4.0196,3.6888,4.5879,9.5474,12.4321,0.5856
10176,2022,3,2,4.3288,4.2056,3.8443,4.8251,9.4615,12.7455,0.5695
10176,2023,3,2,4.5405,3.7112,3.7568,4.9687,9.5413,12.3973,0.5887
10176,2024,3,2,4.4058,4.1825,4.2216,4.781,9.5174,13.7031,0.5591
10176,2025,3,2,4.0312,4.5422,4.7342,5,9.5353,14.3463,0.5836
10177,2020,9,2,3.5717,3.6026,3.5297,4.3628,9.578,10.8584,0.4433
10177,2021,9,2,3.9097,3.7266,3.6851,4.3092,9.4666,10.4196,0.462
10177,2022,9,2,3.9307,4.2566,3.2986,4.6983,9.6089,10.3319,0.4706
10177,2023,9,2,4.2109,4.5031,4.1124,4.7118,9.4715,10.5058,0.4844
10177,2024,9,2,4.3218,4.1687,4.3143,4.9579,9.5994,11.094,0.4633
10177,2025,9,2,4.3858,4.1298,4.6247,5,9.4485,10.6584,0.4603
10178,2020,8,3,3.3183,3.1498,3.1126,3.4921,8.5612,9.5693,0.4766
10178,2021,8,3,2.8074,3.4531,3.3082,4.3509,8.742,8.2638,0.4871
10178,2022,8,3,3.3345,3.2623,3.8077,3.9967,8.6972,9.6973,0.4996
10178,2023,8,3,4.0551,3.3002,3.5613,4.0083,8.7379,9.9831,0.4789
10178,2024,8,3,3.4202,3.7633,3.3124,4.8699,8.7212,10.3327,0.4773
10178,2025,8,3,4.0052,4.1208,3.5514,4.6931,8.7292,10.5424,0.504
10179,2020,3,2,4.1033,3.6453,3.3957,3.6335,9.33,11.3541,0.4383
10179,2021,3,2,3.8991,4.1416,3.8327,4.0112,9.4502,10.105,0.4314
10179,2022,3,2,3.809,4.3889,3.8625,4.2804,9.1541,10.9239,0.4331
10179,2023,3,2,3.9868,4.5056,4.0852,4.8148,9.3174,10.988,0.4336
10179,2024,3,2,4.4434,3.8852,4.3581,4.9605,9.3298,12.0071,0.4404
10179,2025,3,2,4.5955,4.5405,4.4521,5,9.2604,12.7904,0.426
10180,2020,5,2,3.2348,4.0145,3.4799,4.1342,9.8424,12.1867,0.5286
10180,2021,5,2,3.9311,4.1069,3.6918,4.5888,9.6409,13.4898,0.512
10180,2022,5,2,4.0952,4.3583,3.6784,4.9948,9.7271,14.7936,0.5086
10180,2023,5,2,4.2375,4.6026,4.5356,4.5103,9.6114,14.236,0.5222
10180,2024,5,2,4.3414,4.2728,4.5006,5,9.5685,14.4777,0.5036
10180,2025,5,2,4.9706,4.5607,4.546,5,9.5039,15.5558,0.493
10181,2020,20,2,2.9952,4.2242,3.5805,4.0824,10.1124,11.2038,0.376
10181,2021,20,2,3.9501,4.0203,3.913,4.2285,10.1633,11.6693,0.3855
10181,2022,20,2,4.172,3.8813,3.8726,4.859,9.935,11.563,0.3892
10181,2023,20,2,4.2866,4.3132,4.1071,5,10.1413,12.463,0.4114
10181,2024,20,2,4.7455,4.4219,4.441,4.9313,10.2556,12.2863,0.4048
10181,2025,20,2,4.5081,4.4049,4.9775,5,10.138,13.6876,0.4047
10182,2020,14,3,3.5485,3.5582,3.5764,3.5461,8.7239,13.0085,0.2836
10182,2021,14,3,3.8181,3.5486,3.2791,4.7321,8.8933,11.7387,0.3042
10182,2022,14,3,4.1591,3.6925,3.4867,3.9836,8.8646,13.0812,0.3055
10182,2023,14,3,4.1757,3.5722,3.8739,4.4793,8.9181,12.7257,0.3333
10182,2024,14,3,3.9756,4.2793,3.7472,4.5772,8.803,12.5594,0.2992
10182,2025,14,3,4.1979,4.1656,3.8794,4.3456,8.9449,14.5995,0.3294
10183,2020,12,2,4.1156,3.8782,3.7039,4.0052,8.5742,12.2288,0.4336
10183,2021,12,2,3.544,3.7461,3.2106,3.5305,8.5225,10.6359,0.4494
10183,2022,12,2,3.4891,4.0677,3.5811,4.1182,8.4917,13.3137,0.4308
10183,2023,12,2,3.8542,4.1923,4.0029,5,8.5427,13.2618,0.4473
10183,2024,12,2,4.4943,4.028,4.1543,4.9812,8.4694,12.2208,0.4545
10183,2025,12,2,4.7962,4.7219,4.4494,5,8.6275,11.5853,0.4254
10184,2020,8,2,3.5606,4.032,4.0009,4.1221,9.8557,9.1156,0.424
10184,2021,8,2,3.7585,4.1645,3.8082,4.2916,9.9093,9.4238,0.4517
10184,2022,8,2,3.2597,3.7216,3.9157,4.5154,9.7487,9.7938,0.4205
10184,2023,8,2,4.3197,4.1146,4.1264,4.6595,9.8221,9.9999,0.4481
10184,2024,8,2,4.1622,4.3417,4.2348,4.9131,9.7617,9.0306,0.4226
10184,2025,8,2,4.2696,4.5186,4.3437,5,9.8371,10.6777,0.4173
10185,2020,24,1,3.9547,4.2704,3.9032,4.6495,9.471,14.6583,0.6076
10185,2021,24,1,4.3421,4.1829,4.1668,4.7028,9.7099,15.1252,0.5987
10185,2022,24,1,4.4479,4.5649,4.5644,5,9.4843,16.9127,0.5691
10185,2023,24,1,5,4.5975,4.7283,4.5912,9.6016,17.5969,0.5824
10185,2024,24,1,5,4.5232,4.9088,5,9.7284,16.9314,0.5815
10185,2025,24,1,4.851,4.4576,4.9586,5,9.5679,17.1698,0.5948
10186,2020,21,1,4.4573,4.5764,4.0155,4.6278,10.8524,11.9749,0.6185
10186,2021,21,1,4.3098,4.3297,3.9446,4.6912,11.0051,13.1106,0.5764
10186,2022,21,1,4.0959,4.5161,4.6128,4.9709,10.805,13.6122,0.5643
10186,2023,21,1,4.8097,4.6421,4.2293,5,10.91,12.4896,0.5791
10186,2024,21,1,4.4778,4.8541,4.4211,5,10.9202,13.2828,0.6002
10186,2025,21,1,4.9361,4.735,5,5,11.0933,13.1901,0.5775
10187,2020,17,3,3.0622,3.317,2.7631,3.7721,9.2331,4.441,0.4486
10187,2021,17,3,2.8344,3.1308,3.255,3.5593,9.3076,4.6853,0.4376
10187,2022,17,3,3.1063,3.5615,2.8215,4.0145,9.0971,4.669,0.4246
10187,2023,17,3,3.2539,3.1029,3.4157,4.2328,9.2877,5.3137,0.4153
10187,2024,17,3,3.7842,4.1442,3.9065,4.1123,9.2808,6.0161,0.412
10187,2025,17,3,4.2167,3.7125,3.4869,4.7042,9.3174,6.4925,0.4014
10188,2020,10,2,3.027,3.5459,3.524,4.5548,9.8975,11.9016,0.427
10188,2021,10,2,4.2235,3.9968,3.5303,4.4521,9.8569,12.7543,0.4381
10188,2022,10,2,3.7124,3.9097,4.0862,4.9307,9.7835,12.5866,0.4601
10188,2023,10,2,4.5551,4.5024,3.6805,5,9.9513,11.4835,0.4284
10188,2024,10,2,4.623,4.8004,4.5799,5,9.8814,11.8865,0.4473
10188,2025,10,2,4.7704,4.6265,4.3066,4.8222,9.9477,11.6065,0.4163
10189,2020,10,3,3.0727,3.0302,3.2346,3.9618,8.3584,8.1597,0.4326
10189,2021,10,3,3.0373,3.3231,3.506,4.0912,8.3695,8.4378,0.4247
10189,2022,10,3,3.975,3.4573,3.8655,4.4211,8.2424,8.8447,0.413
10189,2023,10,3,3.5927,3.2879,3.4918,4.4721,8.4697,9.4568,0.4398
10189,2024,10,3,3.4935,4.0748,4.0265,4.1834,8.3333,10.1185,0.4052
10189,2025,10,3,3.5461,3.7675,3.678,4.4381,8.2356,10.8017,0.4384
10190,2020,5,3,3.7925,3.885,3.3917,3.7101,8.7023,10.4739,0.3898
10190,2021,5,3,3.7161,3.5668,3.2787,4.1734,8.6384,11.3895,0.3769
10190,2022,5,3,3.5859,4.3,3.7136,3.8501,8.6256,12.2644,0.4016
10190,2023,5,3,4.0543,3.4833,3.863,4.306,8.6345,11.9355,0.3468
10190,2024,5,3,3.9639,3.9447,3.7871,4.2019,8.7535,12.5802,0.4039
10190,2025,5,3,4.2955,4.1875,3.8171,4.5417,8.6645,13.5543,0.4008
10191,2020,7,3,2.9988,3.2496,3.2733,4.1649,8.9349,10.668,0.3273
10191,2021,7,3,3.4495,3.5224,3.6077,4.3954,8.8215,11.9733,0.3387
10191,2022,7,3,3.4827,3.7547,3.4567,4.5666,9.1113,11.2258,0.3531
10191,2023,7,3,3.9168,3.9445,4.1765,4.3938,8.8375,11.7419,0.3319
10191,2024,7,3,3.9158,4.2246,3.6526,4.4446,8.8551,10.7887,0.3319
10191,2025,7,3,3.8785,4.3942,4.0945,4.5192,8.9862,12.3876,0.316
10192,2020,2,3,3.164,2.7077,2.6361,3.1062,8.8418,2,0.3813
10192,2021,2,3,2.5714,3.1117,2.938,3.7452,8.8203,2,0.3701
10192,2022,2,3,2.9901,2.9786,3.3775,3.7843,8.8854,2,0.3712
10192,2023,2,3,3.6655,3.2387,3.1571,4.3193,8.8053,2,0.383
10192,2024,2,3,3.8588,3.4117,3.6495,3.92,8.787,2.5694,0.3851
10192,2025,2,3,4.2218,3.8168,3.5871,4.424,8.9676,2.6437,0.37
10193,2020,14,2,3.396,3.7065,3.3775,4.095,9.6186,10.2887,0.3901
10193,2021,14,2,4.4164,3.5295,3.5891,4.9597,9.5966,8.9637,0.3684
10193,2022,14,2,3.9969,3.7679,3.891,5,9.666,9.3046,0.3853
10193,2023,14,2,4.3471,4.0786,4.3233,4.6408,9.3897,10.274,0.4143
10193,2024,14,2,4.124,3.9883,3.9575,4.4966,9.7758,9.8953,0.3939
10193,2025,14,2,4.7922,4.4443,4.2774,5,9.5347,12.1196,0.3762
10194,2020,22,2,3.5363,4.0512,3.5863,4.632,8.8774,17.0179,0.3026
10194,2021,22,2,3.4618,4.0139,3.6846,5,9.0209,17.338,0.3181
10194,2022,22,2,4.3211,4.3298,4.2455,4.9493,9.0635,18.1409,0.312
10194,2023,22,2,4.3648,4.2516,4.1882,4.9802,9.0834,19.0146,0.3055
10194,2024,22,2,4.7735,4.6002,4.6373,5,9.2261,18.6535,0.3015
10194,2025,22,2,4.6254,4.6369,4.2564,5,9.0157,20.3572,0.3337
10195,2020,15,2,3.443,3.6079,3.7132,4.3623,9.6872,11.006,0.4353
10195,2021,15,2,3.6252,4.1029,4.1033,4.8175,9.7225,13.7228,0.4229
10195,2022,15,2,4.3088,4.0976,4.079,4.8652,9.5865,12.635,0.3926
10195,2023,15,2,4.0738,4.2603,3.8716,4.8656,9.6352,13.5468,0.4196
10195,2024,15,2,3.9228,4.7086,4.022,4.8437,9.7225,12.9621,0.4288
10195,2025,15,2,5,4.6231,4.484,5,9.706,15.6306,0.4351
10196,2020,13,3,3.0806,3.3362,2.8781,3.8918,8.7501,8.0065,0.382
10196,2021,13,3,3.4932,3.9156,3.2842,3.602,8.6608,9.2761,0.3569
10196,2022,13,3,3.42,3.9326,3.3295,4.3941,8.9346,7.9298,0.3815
10196,2023,13,3,4.3678,4.032,3.5055,3.459,8.7524,10.5809,0.3814
10196,2024,13,3,3.8905,3.6272,3.7969,4.2432,8.9155,8.9374,0.3637
10196,2025,13,3,4.0142,4.1148,4.2389,4.3302,8.8845,10.4668,0.3619
10197,2020,25,2,3.7066,3.9075,3.6367,4.2444,9.4975,11.0988,0.4816
10197,2021,25,2,3.678,4.2644,3.6211,4.0418,9.4367,10.5812,0.4472
10197,2022,25,2,4.1441,4.143,3.7551,4.7772,9.4695,10.866,0.4527
10197,2023,25,2,4.62,3.9915,3.5872,5,9.5,12.2058,0.452
10197,2024,25,2,4.3611,4.5601,4.1803,4.4612,9.5707,11.5065,0.4726
10197,2025,25,2,3.9235,4.5991,4.5233,5,9.6487,12.3894,0.4558
10198,2020,11,2,3.7758,3.8656,3.6729,4.3348,8.8379,15.2372,0.4249
10198,2021,11,2,4.2737,4.1391,3.9158,4.7184,8.9686,14.5913,0.4547
10198,2022,11,2,4.3208,4.3374,3.9416,4.4535,9.2166,13.8126,0.43
10198,2023,11,2,4.1073,4.1178,4.2559,5,8.9313,14.1779,0.4284
10198,2024,11,2,4.9472,4.6761,3.9315,4.9242,8.9523,14.6274,0.4313
10198,2025,11,2,3.9769,4.7871,4.3753,5,9.127,15.8709,0.4367
10199,2020,16,2,3.2474,3.8065,3.9026,4.2928,9.4507,12.4434,0.4609
10199,2021,16,2,3.0493,4.0412,3.5586,5,9.5607,13.9855,0.5075
10199,2022,16,2,4.1232,4.3521,4.0331,4.4244,9.3898,15.1401,0.5095
10199,2023,16,2,3.9345,4.3753,4.0902,4.6406,9.4345,14.075,0.4926
10199,2024,16,2,4.777,4.3348,4.0953,5,9.4172,14.2764,0.4862
10199,2025,16,2,4.9775,4.4727,4.4876,5,9.4733,15.0685,0.5039
10200,2020,28,2,3.3971,3.7576,3.4274,4.1188,8.6386,10.1116,0.4702
10200,2021,28,2,3.9007,3.6424,3.9455,3.7017,8.3233,9.7582,0.4867
10200,2022,28,2,4.3362,4.1621,4.0617,4.5489,8.424,10.8914,0.4733
10200,2023,28,2,4.5136,4.2995,3.769,4.5403,8.3414,10.5645,0.4841
10200,2024,28,2,4.1027,4.19,3.9466,5,8.5926,11.4638,0.4727
10200,2025,28,2,4.7905,4.3712,4.1554,4.5647,8.6388,11.6566,0.4885
10201,2020,13,3,3.2337,3.0058,2.8743,4.1774,8.8065,5.1037,0.3828
10201,2021,13,3,3.1806,3.4952,2.9885,3.8448,8.7759,6.2853,0.4018
10201,2022,13,3,3.9434,3.2459,3.3736,4.0355,8.85,6.3909,0.4191
10201,2023,13,3,3.2547,3.7958,4.1002,4.3171,8.7341,7.4767,0.3932
10201,2024,13,3,3.7324,3.6324,3.8957,4.385,8.9652,6.7901,0.3724
10201,2025,13,3,3.809,4.343,4.2229,5,8.9919,7.0257,0.4047
10202,2020,8,3,3.7714,3.5972,3.0439,3.7485,8.4324,12.6736,0.4513
10202,2021,8,3,3.341,3.9881,3.5016,4.0879,8.4295,11.9062,0.4336
10202,2022,8,3,3.4281,4.0261,3.2038,4.3217,8.3864,12.2565,0.411
10202,2023,8,3,3.6578,3.6047,3.9124,4.5577,8.3815,14.0534,0.4219
10202,2024,8,3,4.6238,4.0136,3.9152,4.0245,8.3906,11.6285,0.4502
10202,2025,8,3,3.9787,4.0873,4.3722,4.554,8.3038,14.2444,0.4668
10203,2020,16,2,4.0922,3.5266,3.4546,4.2447,10.2572,12.9966,0.4551
10203,2021,16,2,4.3036,4.2132,3.3934,4.7345,10.1361,12.5107,0.495
10203,2022,16,2,3.9975,4.1268,3.7839,4.7236,10.2309,13.197,0.478
10203,2023,16,2,4.0364,3.9628,4.4982,4.6387,10.1915,11.8491,0.4615
10203,2024,16,2,4.8811,4.3335,4.3771,5,9.9673,12.7457,0.4661
10203,2025,16,2,4.4276,4.6112,4.1081,5,10.2382,14.4352,0.4711
10204,2020,1,2,3.4815,3.7854,3.6016,4.2782,9.1447,14.9028,0.4683
10204,2021,1,2,3.7391,4.1499,3.318,5,9.0658,15.8453,0.4548
10204,2022,1,2,4.0379,4.3574,3.926,4.7473,9.1088,15.1222,0.4371
10204,2023,1,2,3.9108,4.8779,3.5783,5,9.0222,17.4532,0.4634
10204,2024,1,2,3.8723,4.3921,4.0326,5,8.9023,16.094,0.4709
10204,2025,1,2,4.3028,4.5056,4.2216,5,9.0912,15.1932,0.4735
10205,2020,25,2,2.8945,3.7027,3.4246,3.9371,8.3302,8.6377,0.4161
10205,2021,25,2,3.0858,3.549,3.2883,4.1271,8.6877,9.6346,0.4214
10205,2022,25,2,3.6398,3.8052,3.9083,4.0979,8.6612,9.2469,0.3979
10205,2023,25,2,3.9271,4.1981,4.1384,4.5015,8.3795,9.0385,0.4166
10205,2024,25,2,3.9115,4.1633,3.2309,3.8608,8.6117,8.9292,0.409
10205,2025,25,2,4.3941,4.1286,4.4134,5,8.664,10.8638,0.4316
10206,2020,17,2,3.3421,3.704,3.8217,4.1801,8.3957,14.2642,0.4713
10206,2021,17,2,3.8117,3.6944,3.8549,4.2088,8.4463,13.0012,0.4473
10206,2022,17,2,3.942,4.1129,4.0293,4.6471,8.2999,14.9048,0.4537
10206,2023,17,2,3.667,4.0277,3.9867,4.8708,8.5153,14.3751,0.449
10206,2024,17,2,4.2078,4.5866,4.4869,4.8847,8.5844,14.7906,0.4451
10206,2025,17,2,4.0314,4.9194,4.3389,5,8.4309,15.9243,0.451
10207,2020,16,2,4.2577,4.1427,3.8461,4.1464,8.4846,13.5379,0.3747
10207,2021,16,2,3.2978,3.897,3.9646,4.3221,8.6665,12.6806,0.4004
10207,2022,16,2,3.9498,4.0373,3.689,5,8.726,14.3921,0.4058
10207,2023,16,2,3.987,4.6497,3.4167,4.8196,8.8115,15.209,0.3779
10207,2024,16,2,4.0932,4.627,4.3372,4.8078,8.6517,14.8287,0.3798
10207,2025,16,2,4.4677,4.4976,4.4222,5,8.5918,15.2376,0.3876
10208,2020,26,3,2.9828,3.8172,3.0648,4.2858,9.7536,9.4186,0.4108
10208,2021,26,3,3.3897,3.6321,2.8454,3.7093,9.7542,9.702,0.3984
10208,2022,26,3,3.0194,4.1499,3.7206,4.381,9.6661,10.8038,0.4094
10208,2023,26,3,3.8767,3.5722,3.7252,4.7237,9.8249,11.8536,0.4165
10208,2024,26,3,3.9428,4.4934,3.8947,4.9678,9.7142,10.6235,0.4044
10208,2025,26,3,4.2545,3.5757,4.0945,4.7714,9.7762,13.5579,0.432
10209,2020,2,2,3.7286,3.5737,3.1364,3.9991,8.8567,10.0787,0.4481
10209,2021,2,2,3.4646,4.3721,3.4753,4.3119,9.0013,10.9256,0.4357
10209,2022,2,2,3.8143,4.1636,3.5012,4.9396,9.0499,9.7258,0.4322
10209,2023,2,2,4.5238,4.1068,3.8174,5,9.2201,9.8044,0.4034
10209,2024,2,2,3.9433,4.3423,4.2855,4.5416,9.1557,12.0564,0.4599
10209,2025,2,2,4.2268,4.243,4.854,4.755,9.2119,9.774,0.4452
10210,2020,15,2,3.9429,3.8519,4.0017,4.3499,9.8627,13.4304,0.4363
10210,2021,15,2,3.7431,4.1891,3.7896,4.0727,9.7813,11.5428,0.4537
10210,2022,15,2,3.7616,4.018,3.8421,5,9.7877,14.4967,0.4488
10210,2023,15,2,4.4992,4.1813,3.604,5,9.8773,14.5197,0.438
10210,2024,15,2,4.5137,4.5883,4.369,4.5622,9.9101,14.5991,0.453
10210,2025,15,2,4.6606,4.7533,4.448,5,9.91,14.7998,0.4531
10211,2020,24,3,2.9398,2.9535,3.056,4.045,8.567,9.3507,0.3541
10211,2021,24,3,2.9271,2.7837,3.2049,3.6346,8.6463,9.0564,0.3297
10211,2022,24,3,3.5316,3.1149,3.4865,3.8471,8.6121,8.5737,0.3577
10211,2023,24,3,4.0793,3.6831,4.1054,4.0038,8.6366,9.0545,0.3633
10211,2024,24,3,4.0308,3.9342,3.9794,4.4328,8.7456,8.559,0.3733
10211,2025,24,3,3.9211,3.6362,4.2975,4.5228,8.5145,8.8714,0.3791
10212,2020,27,2,3.8162,3.8836,3.3038,4.6718,9.1355,13.6729,0.4792
10212,2021,27,2,3.6967,3.7328,3.5146,4.6125,9.5245,13.8261,0.4476
10212,2022,27,2,4.5419,4.2151,3.7593,5,9.4059,14.8183,0.4582
10212,2023,27,2,4.3178,4.3365,3.8126,4.8969,9.5911,14.4443,0.4523
10212,2024,27,2,4.3985,4.2889,4.2986,4.9321,9.3695,13.6295,0.4588
10212,2025,27,2,4.4644,4.7527,4.2365,5,9.3404,15.9462,0.4637
10213,2020,3,3,2.9491,3.1097,3.1232,3.9947,10.0699,8.723,0.3723
10213,2021,3,3,3.5906,3.6283,3.3943,3.7102,9.7864,8.9433,0.3672
10213,2022,3,3,3.8888,3.8338,3.3136,4.7457,9.9345,8.9577,0.3374
10213,2023,3,3,4.0306,3.8874,3.6613,4.2443,9.8043,9.2806,0.4055
10213,2024,3,3,4.1395,3.6631,3.7787,4.8235,9.718,7.8779,0.3672
10213,2025,3,3,4.352,3.8778,3.565,4.7197,9.9857,10.4109,0.3457
10214,2020,31,2,3.9252,4.2454,3.5661,4.4872,9.8236,15.4553,0.5175
10214,2021,31,2,4.4462,3.7301,3.9806,4.5486,9.7866,13.4813,0.51
10214,2022,31,2,3.9042,4.1758,4.1976,4.896,9.6899,13.5242,0.4906
10214,2023,31,2,4.4486,4.2821,3.9055,4.9803,9.6581,15.1253,0.5177
10214,2024,31,2,5,4.9047,4.5357,5,9.9105,15.5941,0.4797
10214,2025,31,2,3.8779,4.4035,4.159,5,9.8393,15.433,0.5043
10215,2020,2,1,4.46,4.218,4.5434,4.5355,9.2914,17.0145,0.4767
10215,2021,2,1,4.541,5,4.3802,5,9.3548,18.1102,0.5105
10215,2022,2,1,4.1013,4.3826,3.8359,4.7737,9.2669,17.5154,0.4926
10215,2023,2,1,4.6575,5,4.7945,5,9.3938,17.6044,0.4878
10215,2024,2,1,4.2156,4.9884,4.4658,5,9.2946,17.5062,0.4832
10215,2025,2,1,4.7184,5,4.5823,5,9.3677,18.9175,0.4972
10216,2020,3,2,3.5953,3.7596,3.6696,4.7091,10.654,10.57,0.4673
10216,2021,3,2,4.167,3.8128,4.0871,4.877,10.3928,11.5953,0.4404
10216,2022,3,2,4.3037,4.0919,4.3562,4.5288,10.5268,10.6625,0.4478
10216,2023,3,2,4.6606,4.4051,3.8864,4.6602,10.4294,13.0504,0.45
10216,2024,3,2,4.046,4.6934,4.3036,5,10.2545,13.1969,0.4629
10216,2025,3,2,4.5085,4.4997,3.7641,5,10.3821,12.5311,0.4501
10217,2020,25,3,2.7032,3.5062,3.3877,3.9095,8.7658,9.8322,0.454
10217,2021,25,3,3.6125,3.5886,3.1572,4.0652,8.609,11.9914,0.4471
10217,2022,25,3,3.1018,3.5582,3.4047,4.2627,8.6744,9.9026,0.4468
10217,2023,25,3,3.6822,3.8953,4.0887,4.539,8.609,11.349,0.4693
10217,2024,25,3,3.5519,3.8569,4.1401,4.4854,8.6796,10.958,0.4706
10217,2025,25,3,3.8546,4.2533,4.0878,5,8.8542,12.0358,0.4434
10218,2020,31,2,3.3224,3.5094,3.9523,4.0751,10.7915,3.8153,0.5478
10218,2021,31,2,3.6018,3.8436,3.9041,3.8652,10.7832,3.9932,0.5022
10218,2022,31,2,3.9271,3.6122,4.0729,4.2088,10.8256,4.0877,0.5201
10218,2023,31,2,4.5295,3.7712,4.0036,4.0947,10.8161,6.0121,0.5489
10218,2024,31,2,4.2708,3.7431,3.7157,4.6538,10.8283,3.3504,0.5139
10218,2025,31,2,4.0215,4.3955,3.8049,5,11.0455,4.3159,0.5165
10219,2020,11,3,3.2565,3.2896,2.9807,3.9805,8.6324,8.4702,0.3505
10219,2021,11,3,3.2348,3.546,3.3852,4.0094,8.5482,9.3728,0.3645
10219,2022,11,3,3.815,3.2692,3.5136,4.0189,8.7217,9.8816,0.3606
10219,2023,11,3,3.6378,3.7759,3.7942,4.0716,8.5848,9.195,0.3457
10219,2024,11,3,3.6604,3.8413,4.0092,4.1343,8.6722,8.5953,0.3456
10219,2025,11,3,3.9427,3.6829,3.5913,4.7681,8.733,9.7907,0.3662
10220,2020,1,2,3.585,3.4666,3.3483,3.8544,8.9266,12.1121,0.4257
10220,2021,1,2,3.9683,4.0369,3.7485,4.6309,9.0276,11.8315,0.4523
10220,2022,1,2,3.9045,3.719,3.5275,4.3501,8.8809,12.2996,0.4678
10220,2023,1,2,3.6183,3.9091,4.1256,4.8069,9.1725,12.5355,0.4497
10220,2024,1,2,4.2691,4.3226,3.8866,5,9.2232,13.9178,0.4742
10220,2025,1,2,4.0166,4.3512,4.7705,5,9.1785,12.8476,0.4709
10221,2020,9,2,3.7298,3.5442,3.6619,4.451,10.1356,12.899,0.4822
10221,2021,9,2,4.3028,4.2475,4.6386,4.7949,10.0934,12.252,0.4973
10221,2022,9,2,3.867,4.4385,4.0259,4.9413,10.07,14.697,0.4962
10221,2023,9,2,4.833,4.0444,3.9899,4.8215,10.2209,14.4636,0.4743
10221,2024,9,2,4.9372,4.7609,3.9423,5,10.1295,13.6851,0.5117
10221,2025,9,2,4.9931,4.6954,4.2746,5,10.2635,15.3681,0.5396
10222,2020,4,1,4.4951,4.1094,4.1569,4.9595,9.5514,17.1504,0.5279
10222,2021,4,1,4.2034,4.4276,3.7083,4.8237,9.7419,17.2913,0.4991
10222,2022,4,1,4.5941,4.5823,4.7182,4.8977,9.752,19.2008,0.5235
10222,2023,4,1,4.6926,4.7683,4.2335,5,9.3952,18.4884,0.5471
10222,2024,4,1,4.9611,4.7268,4.6464,5,9.4527,19.6809,0.5305
10222,2025,4,1,5,5,5,5,9.5197,18.1865,0.5288
10223,2020,14,2,3.7364,3.3606,2.8945,4.2147,9.9903,3.8802,0.416
10223,2021,14,2,3.4862,3.6932,3.7977,3.8565,10.0327,3.1807,0.4054
10223,2022,14,2,4.0348,3.3736,3.7469,4.4168,9.8062,3.8567,0.3984
10223,2023,14,2,3.3945,3.9125,3.8479,4.2802,9.8721,4.6539,0.417
10223,2024,14,2,4.2853,3.9625,4.04,5,9.7867,4.6169,0.4507
10223,2025,14,2,4.3434,3.8662,4.2159,4.5003,9.7806,4.1254,0.3943
10224,2020,31,2,3.4006,3.4917,3.5118,4.3025,9.9455,9.8029,0.4581
10224,2021,31,2,3.7875,3.9556,3.2966,4.298,10.1589,7.8833,0.451
10224,2022,31,2,3.7731,3.7296,3.9014,4.3052,10.1112,8.4745,0.4617
10224,2023,31,2,3.9852,3.8324,4.0467,5,10.0786,9.1584,0.4545
10224,2024,31,2,4.6554,4.9038,4.0257,4.9241,10.1507,9.2274,0.4374
10224,2025,31,2,4.1871,4.6224,4.2211,4.9896,10.1385,10.2627,0.4629
10225,2020,11,2,3.8208,3.9569,3.7206,4.7288,9.5241,13.2165,0.3921
10225,2021,11,2,3.8041,4.124,3.2276,4.8188,9.6103,12.0041,0.3749
10225,2022,11,2,4.2424,3.8874,3.7065,4.5963,9.6115,12.4564,0.3905
10225,2023,11,2,3.9495,4.2035,4.0919,4.6843,9.499,14.3269,0.4227
10225,2024,11,2,4.2123,4.3173,4.0493,4.796,9.2446,13.9217,0.3985
10225,2025,11,2,4.3949,4.6165,4.2998,4.8363,9.3864,14.0377,0.4118
10226,2020,20,2,3.712,3.1653,3.3626,3.6351,10.1515,8.4255,0.4041
10226,2021,20,2,3.9569,3.5571,3.8938,4.2724,10.0419,8.532,0.414
10226,2022,20,2,4.246,3.8635,4.0225,4.6633,10.153,9.4087,0.428
10226,2023,20,2,4.3054,3.7933,3.9192,4.586,10.2426,8.8094,0.4038
10226,2024,20,2,4.3488,4.4824,4.2847,4.8977,10.0495,9.466,0.3789
10226,2025,20,2,4.4129,4.8802,4.5086,5,10.1185,10.2684,0.3927
10227,2020,13,1,4.1688,4.18,3.878,5,10.9852,13.9014,0.5492
10227,2021,13,1,4.2805,4.6508,3.8925,4.6456,10.8515,13.7965,0.5626
10227,2022,13,1,4.5241,4.5993,4.4341,4.8404,10.9135,14.1369,0.5652
10227,2023,13,1,4.7863,4.6031,4.6618,5,10.9309,13.7514,0.5724
10227,2024,13,1,4.5012,5,4.8094,5,10.7215,15.7418,0.5536
10227,2025,13,1,4.8901,5,4.6744,5,11.1328,14.9002,0.5666
10228,2020,28,3,2.9974,3.484,2.9788,3.6405,8.6922,9.4722,0.4016
10228,2021,28,3,3.1296,3.1982,3.4999,3.807,8.5811,8.3385,0.3732
10228,2022,28,3,3.0398,3.6903,3.2183,3.6461,8.7375,10.221,0.4165
10228,2023,28,3,3.84,3.5503,3.5443,4.4446,8.445,9.4669,0.4103
10228,2024,28,3,3.4047,4.0699,3.7338,4.5657,8.6375,10.7497,0.4034
10228,2025,28,3,3.9277,3.6389,4.0732,5,8.5296,10.8041,0.3835
10229,2020,2,2,3.9154,3.5486,3.6127,3.861,9.349,8.4126,0.5613
10229,2021,2,2,3.8914,3.6594,3.5992,4.2597,9.4142,9.2295,0.5845
10229,2022,2,2,3.9978,3.9588,3.8444,4.5573,9.4307,9.0951,0.5321
10229,2023,2,2,3.9281,4.239,3.7276,5,9.3027,12.9045,0.5766
10229,2024,2,2,4.0612,4.2881,4.0436,4.9459,9.423,10.9804,0.58
10229,2025,2,2,4.4973,4.1879,3.9121,4.8887,9.4266,11.1234,0.5517
10230,2020,12,3,3.4663,3.4745,3.1297,3.73,8.9781,8.2019,0.4148
10230,2021,12,3,3.2469,3.0088,3.6545,3.3461,9.0716,7.4053,0.3803
10230,2022,12,3,3.2526,3.4937,3.7058,4.37,9.206,7.2529,0.382
10230,2023,12,3,2.7562,3.914,3.7971,4.503,9.3636,9.6367,0.3723
10230,2024,12,3,4.0819,4.3381,3.3819,4.0475,9.3005,8.0572,0.4107
10230,2025,12,3,3.8,3.859,4.1069,4.7317,9.2616,8.4501,0.4004
10231,2020,24,3,3.4437,2.4598,2.9841,3.2194,7.8771,8.1454,0.3434
10231,2021,24,3,3.2272,3.0752,2.8593,3.4326,7.9174,8.1478,0.3533
10231,2022,24,3,3.126,3.6263,3.146,3.6983,7.8217,10.6994,0.3434
10231,2023,24,3,3.5925,2.9192,3.5831,4.4351,7.8319,8.1383,0.3735
10231,2024,24,3,3.6982,3.8384,3.8145,5,7.998,8.8477,0.3758
10231,2025,24,3,4.4638,4.4739,3.787,4.1917,7.7515,8.7448,0.3424
10232,2020,14,3,3.3374,3.0527,2.8016,3.2112,8.5161,6.7808,0.3767
10232,2021,14,3,3.234,3.4514,2.9303,3.7011,8.3514,5.6602,0.3335
10232,2022,14,3,3.151,3.1188,3.3321,4.652,8.6066,7.4871,0.3557
10232,2023,14,3,3.7596,3.2319,3.8909,4.0739,8.3799,7.1848,0.3461
10232,2024,14,3,3.7251,3.5563,3.866,4.4962,8.4491,6.3605,0.326
10232,2025,14,3,3.9192,3.7154,3.5082,4.4458,8.4762,7.6154,0.3438
10233,2020,8,2,3.4918,3.4368,3.7438,3.7862,9.5744,8.9849,0.3911
10233,2021,8,2,3.5618,3.8253,4.0389,4.3483,9.8445,10.2928,0.4053
10233,2022,8,2,4.1723,3.5309,3.7244,4.3337,9.6566,10.9938,0.4135
10233,2023,8,2,3.3112,4.0526,3.7656,4.5566,9.6408,11.1294,0.3961
10233,2024,8,2,4.3231,4.8974,3.9924,5,9.7125,11.0534,0.4092
10233,2025,8,2,4.3708,4.6351,4.2401,5,9.6926,11.4225,0.412
10234,2020,13,2,3.8204,3.4462,3.6389,3.9959,8.7267,12.1227,0.4182
10234,2021,13,2,3.7626,4.1338,3.8676,4.2473,8.6982,12.8677,0.4347
10234,2022,13,2,3.824,3.8502,3.8884,4.3787,8.625,11.0412,0.429
10234,2023,13,2,3.6599,4.193,4.2755,4.8334,8.6572,12.1643,0.4001
10234,2024,13,2,3.9266,4.4611,4.2013,5,8.5705,12.1434,0.4316
10234,2025,13,2,4.432,4.8987,4.7002,4.966,8.8468,12.2771,0.4129
10235,2020,8,3,3.0489,3.0366,3.1516,4.155,9.8673,9.9298,0.2595
10235,2021,8,3,3.6763,3.8921,3.2611,3.8778,9.7113,8.3027,0.2941
10235,2022,8,3,3.8135,3.5647,3.7308,4.1218,9.6791,9.1932,0.2657
10235,2023,8,3,3.6417,3.4586,3.4226,4.5375,9.8899,9.5472,0.2523
10235,2024,8,3,3.7029,3.6772,3.7998,4.361,9.7132,9.6,0.2833
10235,2025,8,3,4.41,4.2106,3.9568,4.5825,9.7337,8.6178,0.2773
10236,2020,26,3,2.3677,2.6724,3.2011,3.6286,8.2448,7.3075,0.3563
10236,2021,26,3,2.9842,3.4078,3.1477,3.688,8.1813,8.0259,0.3809
10236,2022,26,3,3.4438,3.4505,3.7134,4.2735,8.1721,7.208,0.4
10236,2023,26,3,3.9133,3.5457,3.9026,4.4222,8.2993,6.8136,0.3895
10236,2024,26,3,3.1037,3.6968,3.6647,3.8935,8.2485,8.5828,0.3618
10236,2025,26,3,3.648,3.8947,4.0468,4.224,8.142,9.1828,0.3664
10237,2020,19,2,3.83,3.6364,3.9342,4.0506,10.5973,7.158,0.4063
10237,2021,19,2,3.5495,3.7736,3.8952,3.8968,10.7383,8.4421,0.4103
10237,2022,19,2,4.0098,4.0506,3.7452,4.4372,10.7121,7.525,0.4036
10237,2023,19,2,3.8892,3.605,3.8469,4.4738,10.7242,8.0118,0.4352
10237,2024,19,2,4.4143,4.3971,4.0638,4.2776,10.593,8.5613,0.4081
10237,2025,19,2,4.9615,4.6146,4.7409,5,10.6609,8.6504,0.4083
10238,2020,2,3,3.2535,3.3515,3.1962,3.7706,9.387,7.2893,0.3998
10238,2021,2,3,3.6245,3.4223,3.4289,3.9263,9.2677,6.8892,0.385
10238,2022,2,3,3.8588,3.5161,3.1235,3.9051,9.3397,6.9118,0.4233
10238,2023,2,3,3.4265,3.5407,3.2998,4.2953,9.2562,7.6406,0.383
10238,2024,2,3,4.2584,3.7075,3.6229,4.3785,9.3272,8.2016,0.396
10238,2025,2,3,4.0018,4.2532,3.8871,4.6228,9.3695,9.908,0.4067
10239,2020,7,2,3.8854,4.0528,3.3493,4.0454,8.8688,14.9368,0.4173
10239,2021,7,2,3.6529,4.031,3.7909,4.4955,8.6743,15.8732,0.401
10239,2022,7,2,3.9492,4.5516,3.6368,4.8553,9.0025,15.0936,0.4254
10239,2023,7,2,4.3146,4.2545,4.1195,5,8.8796,16.0534,0.4211
10239,2024,7,2,4.1556,4.7104,3.8022,5,9.1061,15.5571,0.4264
10239,2025,7,2,4.3576,4.4487,4.4332,5,8.8186,15.6208,0.4074
10240,2020,15,2,3.6402,3.1697,3.6401,3.9943,9.9595,8.2523,0.4632
10240,2021,15,2,3.7399,3.8234,3.9936,4.2745,10.111,8.0909,0.4565
10240,2022,15,2,3.5777,4.0191,3.9685,4.626,10.1611,9.3742,0.4626
10240,2023,15,2,3.6852,4.2235,3.8972,4.9723,9.9466,8.9671,0.4482
10240,2024,15,2,3.8116,4.2482,3.9792,4.8114,10.2574,9.2307,0.4671
10240,2025,15,2,4.4246,4.6665,4.126,4.8418,9.954,10.0935,0.4631
10241,2020,5,3,2.9,3.1796,3.0816,3.207,9.7439,8.2155,0.4775
10241,2021,5,3,3.3011,3.7232,3.1762,4.3161,9.9418,8.4906,0.4732
10241,2022,5,3,3.6097,3.7372,3.3881,4.0642,9.9724,9.1672,0.4716
10241,2023,5,3,3.4994,3.4159,3.5461,3.773,9.8102,9.2383,0.4531
10241,2024,5,3,3.4544,3.824,3.9208,4.6365,9.6496,8.3815,0.4807
10241,2025,5,3,3.7194,4.4708,4.0367,4.652,9.8605,8.7685,0.4677
10242,2020,10,3,2.9175,3.0781,3.1695,3.9316,8.0268,7.1213,0.2995
10242,2021,10,3,3.0679,3.064,2.83,3.8761,8.0481,7.4842,0.2627
10242,2022,10,3,3.2586,3.8799,3.413,3.8859,8.1079,8.0877,0.2501
10242,2023,10,3,3.2144,4.0589,3.5707,4.1996,8.0915,8.5063,0.2479
10242,2024,10,3,3.71,3.9882,3.7171,4.6609,8.1462,8.4275,0.2499
10242,2025,10,3,4.1293,4.2665,3.6412,4.4772,7.9082,7.998,0.303
10243,2020,9,2,3.0621,3.7293,3.332,4.2713,9.238,8.7678,0.4848
10243,2021,9,2,3.5924,3.7356,3.6383,4.1192,9.4103,8.3932,0.4813
10243,2022,9,2,3.5667,4.273,3.5665,4.4619,9.2222,9.0866,0.5013
10243,2023,9,2,4.378,4.0544,3.7547,4.6663,9.3186,9.3771,0.5018
10243,2024,9,2,3.8737,4.2595,3.6463,4.9282,9.3433,9.0991,0.501
10243,2025,9,2,4.8247,4.3132,4.4029,5,9.4599,9.8465,0.4939
10244,2020,30,2,3.3216,3.8085,3.8357,4.1467,8.9238,12.7045,0.4879
10244,2021,30,2,3.7601,3.9918,3.7459,4.5931,8.5897,14.6455,0.4844
10244,2022,30,2,3.9395,4.1929,3.8555,4.659,8.8039,13.8303,0.5026
10244,2023,30,2,4.0444,4.6055,4.0906,4.5966,8.7069,14.6282,0.5125
10244,2024,30,2,4.6113,4.0465,4.3038,4.8006,8.937,15.1226,0.4968
10244,2025,30,2,4.463,4.7033,4.3727,4.984,8.9599,14.4963,0.5087
10245,2020,6,2,3.9312,4.3641,3.2657,3.7295,9.5676,8.83,0.4807
10245,2021,6,2,3.6481,3.656,3.7159,4.2033,9.5597,10.0338,0.4932
10245,2022,6,2,4.1679,3.4877,3.2827,4.4437,9.5409,10.6395,0.5105
10245,2023,6,2,4.0125,4.1378,4.1898,4.6732,9.5814,9.6815,0.4831
10245,2024,6,2,4.9573,3.8781,4.196,4.9679,9.6373,11.4517,0.5252
10245,2025,6,2,5,4.2073,4.4612,5,9.5811,13.003,0.5347
10246,2020,3,3,2.9614,3.3685,3.2578,3.4381,9.7693,6.577,0.4582
10246,2021,3,3,3.6658,3.5421,3.4503,3.7277,9.7066,6.6432,0.4716
10246,2022,3,3,3.722,3.8639,3.7007,4.4041,9.8381,8.2943,0.4552
10246,2023,3,3,3.5513,3.7313,3.7438,4.4856,9.9696,8.7785,0.4606
10246,2024,3,3,4.4099,4.1651,3.9208,4.2805,9.9547,9.4501,0.4407
10246,2025,3,3,4.0737,4.151,3.9728,5,9.7765,9.4539,0.4738
10247,2020,23,3,2.9204,3.0664,3.0728,3.4259,9.0931,7.47,0.4257
10247,2021,23,3,3.4578,3.7208,3.3602,4.3461,8.9977,7.5063,0.4064
10247,2022,23,3,3.3909,3.4649,3.4047,4.1556,8.9193,7.263,0.4193
10247,2023,23,3,3.2908,4.0691,3.9222,4.0288,8.9403,8.8742,0.4328
10247,2024,23,3,3.7278,3.5365,3.6415,4.2659,9.1655,9.0112,0.4154
10247,2025,23,3,4.3543,3.9916,3.5681,4.7571,8.7346,8.7103,0.4322
10248,2020,14,3,2.8145,3.341,2.4193,3.5048,8.5025,7.8887,0.336
10248,2021,14,3,2.9516,3.6336,3.4096,3.5837,8.4987,7.4724,0.3596
10248,2022,14,3,3.6714,3.4985,3.4442,4.1008,8.4808,8.6752,0.3692
10248,2023,14,3,3.327,3.6301,3.6235,4.1535,8.699,7.7665,0.384
10248,2024,14,3,4.0876,4.1616,3.6464,4.3203,8.5953,8.0756,0.3517
10248,2025,14,3,3.9382,3.787,3.4516,4.5721,8.5253,7.0883,0.3577
10249,2020,3,1,4.6329,4.2159,4.1322,4.6866,11.8653,12.5135,0.5172
10249,2021,3,1,4.404,4.628,4.4188,5,12.0265,13.9472,0.5428
10249,2022,3,1,4.9875,4.8524,4.5069,5,11.735,12.9284,0.5447
10249,2023,3,1,4.3531,4.8167,4.5555,5,11.7996,12.7751,0.5351
10249,2024,3,1,4.9135,5,5,5,11.6769,14.8266,0.527
10249,2025,3,1,5,4.9197,5,5,11.9827,12.9705,0.5618
10250,2020,11,3,3.5475,3.0518,3.0475,3.6062,9.1466,9.1224,0.4334
10250,2021,11,3,3.4661,3.6937,3.5327,3.8763,9.1259,10.5258,0.4376
10250,2022,11,3,3.672,3.5463,3.7491,4.5553,9.0606,9.6105,0.3779
10250,2023,11,3,2.8995,3.2159,3.7793,3.9329,8.9827,10.1381,0.4343
10250,2024,11,3,3.8922,3.9466,3.512,4.4474,9.149,8.8594,0.4428
10250,2025,11,3,3.8224,4.0496,3.7618,4.7998,9.0606,9.8715,0.4061
10251,2020,25,3,3.7066,3.5494,3.5522,3.9498,8.1321,11.0248,0.3196
10251,2021,25,3,3.7873,3.6651,3.396,3.8786,8.0352,10.1412,0.2906
10251,2022,25,3,3.5293,3.6314,3.5745,4.1949,8.0931,10.1973,0.2957
10251,2023,25,3,3.5804,4.2309,3.7358,3.9295,8.111,11.0075,0.2803
10251,2024,25,3,3.8788,3.4398,3.2983,4.0827,8.1503,10.9331,0.2677
10251,2025,25,3,4.0295,3.8387,3.7165,4.6111,7.9346,12.7045,0.287
10252,2020,9,1,4.241,4.1983,4.7649,5,10.6271,17.5873,0.5223
10252,2021,9,1,4.6765,4.9083,4.3131,5,10.4933,17.4739,0.5325
10252,2022,9,1,4.8743,5,4.5568,5,10.4936,16.7411,0.536
10252,2023,9,1,4.7346,4.4876,4.3458,5,10.4929,16.2152,0.535
10252,2024,9,1,4.4675,4.9644,4.343,5,10.5895,18.7107,0.5331
10252,2025,9,1,5,5,4.8726,5,10.445,17.1214,0.5411
10253,2020,1,1,4.6174,4.0339,4.368,4.6284,11.9697,15.3653,0.5119
10253,2021,1,1,4.8187,4.9015,4.1224,5,11.8774,15.3917,0.5267
10253,2022,1,1,4.711,4.9824,5,5,12.1035,15.4999,0.5318
10253,2023,1,1,5,4.7042,4.6096,5,12.1024,14.6912,0.5119
10253,2024,1,1,5,5,5,5,12.1264,16.1422,0.5379
10253,2025,1,1,4.974,5,4.8228,5,12.0927,16.2794,0.5137
10254,2020,2,2,3.695,3.6635,3.6222,4.0552,9.1567,11.6056,0.4421
10254,2021,2,2,3.8635,4.2104,3.7468,4.6721,9.3968,11.1971,0.4294
10254,2022,2,2,3.865,4.2843,3.6903,4.3778,8.9848,12.0415,0.4318
10254,2023,2,2,4.1614,4.5475,4.2332,4.6456,9.2402,11.9798,0.4494
10254,2024,2,2,4.3304,4.2734,4.018,5,9.1269,10.9289,0.4146
10254,2025,2,2,4.7567,4.3077,4.7221,5,9.2249,12.9911,0.404
10255,2020,25,3,3.0369,2.9096,2.8355,3.3348,7.6471,9.5949,0.3863
10255,2021,25,3,2.818,3.4285,3.3527,3.7688,7.6309,9.9955,0.3776
10255,2022,25,3,3.6777,3.7682,2.8654,3.7374,8.0749,10.2321,0.374
10255,2023,25,3,3.3704,3.3099,3.3225,3.9268,7.7624,11.6615,0.3832
10255,2024,25,3,4.1117,3.8994,3.7778,4.2813,7.921,9.6927,0.3894
10255,2025,25,3,4.4234,4.252,4.2027,5,7.9205,11.0278,0.4023
10256,2020,27,3,3.0553,3.2722,3.1596,3.5089,9.0007,7.4333,0.3119
10256,2021,27,3,3.5807,3.6642,3.1985,3.9819,8.7919,7.2776,0.2988
10256,2022,27,3,3.2118,3.5418,2.8289,4.1465,8.9735,6.9138,0.2905
10256,2023,27,3,4.0082,3.861,3.8052,4.1907,8.932,8.3601,0.34
10256,2024,27,3,3.7382,3.1536,3.8101,4.8643,9.2575,9.7654,0.3222
10256,2025,27,3,3.7294,4.0236,3.7227,4.7148,8.8979,8.1105,0.3309
10257,2020,24,2,4.3728,3.398,3.562,3.9333,9.8412,9.4415,0.4713
10257,2021,24,2,4.0198,3.8651,3.8997,4.8798,9.8168,10.5085,0.4729
10257,2022,24,2,4.4706,4.1442,3.5216,4.8059,9.8072,10.4005,0.4883
10257,2023,24,2,3.8379,4.6372,3.7958,4.6893,9.7652,11.2791,0.4899
10257,2024,24,2,4.4249,4.701,4.2215,4.7987,9.9681,11.3274,0.4633
10257,2025,24,2,4.2747,4.6226,4.698,4.7439,9.9083,13.0182,0.4847
10258,2020,27,2,4.0418,3.5721,3.5503,3.9761,9.0279,14.3453,0.3892
10258,2021,27,2,3.9574,3.9415,3.4086,4.4578,9.093,12.3036,0.4082
10258,2022,27,2,3.8496,4.438,3.9572,5,9.0633,14.4912,0.4081
10258,2023,27,2,4.3511,4.3611,4.1454,5,9.0749,13.7132,0.4244
10258,2024,27,2,4.9979,4.1478,4.2689,5,8.8997,13.3703,0.3947
10258,2025,27,2,4.7127,4.6875,4.1372,5,9.166,12.9335,0.4107
10259,2020,27,2,3.56,3.7979,3.3423,3.8815,8.9282,10.294,0.3884
10259,2021,27,2,3.823,3.6962,3.1023,4.5044,8.8425,10.0045,0.3983
10259,2022,27,2,4.0643,3.8884,3.8212,4.2511,9.2152,11.3875,0.4042
10259,2023,27,2,4.2839,4.2685,3.704,4.7739,8.9007,12.1046,0.4285
10259,2024,27,2,3.5397,4.1046,4.0442,4.3327,8.9888,9.8476,0.4076
10259,2025,27,2,4.3043,4.2899,4.4609,4.8715,8.9072,11.9658,0.4016
10260,2020,30,3,3.393,3.2103,3.2171,3.4521,8.0823,7.0204,0.2726
10260,2021,30,3,3.2894,2.8837,2.9114,3.4435,8.1034,7.1095,0.2346
10260,2022,30,3,3.226,3.1985,3.3288,4.1748,7.9903,7.5347,0.2389
10260,2023,30,3,3.6947,3.7616,3.7629,4.0608,8.2248,6.6803,0.2476
10260,2024,30,3,3.1768,4.2543,3.6298,4.5356,8.0773,8.3317,0.2615
10260,2025,30,3,3.4834,3.749,3.8786,4.4249,8.1756,9.0126,0.2634
10261,2020,30,2,3.4686,3.9488,3.4887,4.2905,9.3147,13.4386,0.487
10261,2021,30,2,3.8699,3.9215,4.0501,4.3976,9.2285,12.5427,0.4594
10261,2022,30,2,4.2671,4.1306,3.8301,4.2615,9.2946,13.8075,0.4554
10261,2023,30,2,4.2428,4.1757,4.0863,5,9.205,13.8954,0.5082
10261,2024,30,2,4.7161,4.5697,3.9998,5,9.3081,13.9155,0.4699
10261,2025,30,2,4.2495,4.8277,4.1124,5,9.3403,14.6617,0.4924
10262,2020,19,3,3.4183,2.9088,3.0506,3.7392,7.2935,9.2315,0.3089
10262,2021,19,3,2.6772,3.1328,2.8165,3.6045,7.2992,10.2368,0.2772
10262,2022,19,3,3.2804,2.8636,3.3555,3.6808,7.2018,8.6804,0.2665
10262,2023,19,3,3.3826,3.3964,3.8194,4.2097,7.1985,9.7761,0.2941
10262,2024,19,3,3.4877,4.0442,3.8389,4.3913,7.2675,10.5106,0.2814
10262,2025,19,3,3.9102,3.7895,3.2426,4.1338,7.3443,10.4905,0.3004
10263,2020,30,2,3.3085,3.6104,3.9164,4.0143,9.4167,10.7149,0.4299
10263,2021,30,2,3.9558,4.3404,3.8381,4.8341,9.296,9.9708,0.4252
10263,2022,30,2,4.2766,4.128,3.9978,4.706,9.2499,11.382,0.4524
10263,2023,30,2,4.4397,4.3248,4.1368,4.4098,9.2058,11.7743,0.4384
10263,2024,30,2,3.7665,3.8778,4.1078,4.7629,9.3676,11.0631,0.4469
10263,2025,30,2,4.5864,4.7737,4.4503,4.4976,9.4879,11.0318,0.4199
10264,2020,27,3,2.8095,2.484,2.9538,3.9188,8.3911,8.9726,0.4167
10264,2021,27,3,3.5852,3.0079,2.9011,3.949,8.3973,8.3981,0.4118
10264,2022,27,3,3.8401,3.8638,3.2725,4.5422,8.2709,8.0272,0.4357
10264,2023,27,3,3.4568,3.6701,3.3195,4.5491,8.4948,9.1779,0.4254
10264,2024,27,3,3.6778,3.5451,3.3214,3.7973,8.4915,8.9716,0.4277
10264,2025,27,3,4.3176,4.1637,3.6619,4.3684,8.4453,9.5967,0.4178
10265,2020,30,3,2.5432,3.2403,3.55,3.7202,8.1775,11.4462,0.4222
10265,2021,30,3,3.1943,2.8918,3.1858,3.677,8.0699,11.6605,0.3678
10265,2022,30,3,3.6849,3.4096,3.5839,4.1839,8.2563,10.9266,0.3971
10265,2023,30,3,3.9542,3.2494,3.4125,4.25,8.2292,13.151,0.3963
10265,2024,30,3,3.8214,4.0495,3.8418,4.0065,8.2232,13.4626,0.3899
10265,2025,30,3,4.3048,4.0389,3.9368,4.4256,8.2891,12.3084,0.4039
10266,2020,4,2,3.7814,3.7322,4.009,4.2599,9.9637,8.5122,0.4084
10266,2021,4,2,4.6096,4.0996,3.8183,4.2793,10.2043,9.1143,0.3952
10266,2022,4,2,3.1537,3.6657,4.5503,4.5179,10.0888,9.9224,0.4107
10266,2023,4,2,4.393,3.9032,3.8767,4.1974,10.1135,9.0637,0.4223
10266,2024,4,2,4.3747,4.2008,3.8756,5,10.3249,10.0248,0.3873
10266,2025,4,2,4.1354,4.2271,4.4314,5,10.2032,9.3963,0.4058
10267,2020,11,2,3.5704,3.7571,3.8881,4.3377,10.2525,14.1988,0.4625
10267,2021,11,2,3.8345,4.0019,3.9068,4.6471,10.336,13.5661,0.4286
10267,2022,11,2,4.3265,4.3835,3.8693,4.8603,10.2521,14.026,0.4472
10267,2023,11,2,4.2246,3.9631,3.8881,5,10.2694,15.637,0.4469
10267,2024,11,2,4.6752,4.6593,4.2356,5,10.2506,15.0527,0.4654
10267,2025,11,2,4.6036,4.3292,4.5991,5,10.2844,17.7273,0.4643
10268,2020,18,3,3.7856,3.1492,3.3343,4.1434,9.0938,10.6336,0.2997
10268,2021,18,3,3.5997,3.6163,3.0425,4.2828,8.967,10.9532,0.3328
10268,2022,18,3,3.5171,3.9276,3.7768,4.1973,9.1655,12.0832,0.3101
10268,2023,18,3,3.3403,3.5167,3.7517,4.3219,8.8621,12.0946,0.3405
10268,2024,18,3,3.9687,3.908,3.767,4.3136,9.0955,12.6888,0.2975
10268,2025,18,3,4.5511,3.8914,3.7508,5,9.228,12.4484,0.3324
10269,2020,10,2,3.6202,4.1592,3.3065,4.4109,9.9025,9.8115,0.3341
10269,2021,10,2,3.9244,3.7189,3.8011,4.7409,9.768,11.7767,0.323
10269,2022,10,2,4.0965,4.0615,3.508,4.7821,9.7058,11.9944,0.362
10269,2023,10,2,4.4103,4.2931,3.7393,5,9.7289,12.0655,0.3584
10269,2024,10,2,3.9581,4.1404,3.6168,5,10.0335,12.2219,0.3493
10269,2025,10,2,4.5617,4.4858,3.8962,5,9.8287,12.1241,0.3523
10270,2020,30,1,4.7125,4.1204,4.0293,4.6723,10.639,16.8386,0.558
10270,2021,30,1,4.7,4.9284,4.4982,4.8771,10.627,15.9818,0.5532
10270,2022,30,1,4.2735,4.3989,4.4603,5,10.7023,16.0781,0.5565
10270,2023,30,1,5,4.8076,3.916,5,10.7849,17.128,0.5598
10270,2024,30,1,4.9841,5,4.7301,5,10.8002,17.7293,0.543
10270,2025,30,1,5,5,4.972,5,10.7529,18.1485,0.5576
10271,2020,10,2,4.0943,4.2642,3.3671,4.7212,10.286,10.7275,0.5205
10271,2021,10,2,3.5802,4.17,3.8548,4.3539,10.2781,11.2658,0.4908
10271,2022,10,2,4.2331,4.0571,3.9875,4.6038,10.5371,12.9344,0.5017
10271,2023,10,2,4.383,4.311,4.2461,4.6305,10.2199,11.7441,0.5306
10271,2024,10,2,4.7399,4.613,4.19,4.785,10.4766,12.2845,0.5332
10271,2025,10,2,4.4974,4.9858,4.27,5,10.3335,11.5701,0.5287
10272,2020,5,3,3.3973,3.6777,3.0864,3.7008,8.1631,11.8268,0.3686
10272,2021,5,3,3.2599,3.6556,3.7579,4.3286,8.1005,12.1364,0.3806
10272,2022,5,3,3.876,3.9561,3.567,4.2576,8.2151,11.1219,0.3993
10272,2023,5,3,3.2191,3.5956,3.5444,3.6104,8.2123,11.782,0.3998
10272,2024,5,3,3.8565,3.7698,3.5997,4.628,8.3138,13.1692,0.3905
10272,2025,5,3,3.7411,3.7064,3.8639,4.6093,8.147,12.5867,0.3787
10273,2020,16,3,3.2826,3.0193,2.7968,2.8016,8.6675,6.4637,0.3349
10273,2021,16,3,3.2505,3.3419,2.8399,2.9839,8.3353,3.8131,0.3326
10273,2022,16,3,3.7394,3.2345,3.4435,3.7519,8.508,5.8617,0.3215
10273,2023,16,3,3.688,3.8628,3.5951,4.7557,8.6418,6.2692,0.3416
10273,2024,16,3,3.2375,3.8284,3.6167,4.4807,8.6025,7.3166,0.3581
10273,2025,16,3,4.1408,4.0576,3.4799,4.4698,8.6766,6.4587,0.3499
10274,2020,16,3,3.3496,3.6177,3.561,3.7554,10.9514,8.9619,0.3258
10274,2021,16,3,4.0078,3.6147,3.1767,4.0172,10.8753,8.7907,0.3147
10274,2022,16,3,3.5055,3.4624,3.5434,4.2388,10.695,8.7954,0.351
10274,2023,16,3,3.5955,3.6516,3.8911,4.0974,10.7378,8.1355,0.3238
10274,2024,16,3,3.4855,3.9337,4.1329,4.7488,10.7863,9.1484,0.3302
10274,2025,16,3,4.0755,3.9249,3.7759,4.9274,10.8049,9.721,0.3393
10275,2020,22,3,2.4047,3.4271,2.8449,3.5288,9.1655,9.2719,0.3694
10275,2021,22,3,3.5346,3.1222,3.2769,4.0796,9.2181,8.4185,0.4017
10275,2022,22,3,3.9278,3.3165,3.5594,4.2195,9.4042,7.9613,0.3688
10275,2023,22,3,3.6216,3.8881,3.7925,4.1982,9.1645,9.147,0.3783
10275,2024,22,3,4.3012,3.5763,3.6312,4.3367,9.2927,8.5152,0.3784
10275,2025,22,3,4.4409,4.1836,4.2527,4.4299,9.2548,9.8898,0.3842
10276,2020,1,3,4.0549,3.464,3.3667,3.4072,8.4393,10.6982,0.3669
10276,2021,1,3,3.4946,2.9812,3.1245,3.9969,8.4408,8.5977,0.3744
10276,2022,1,3,3.3864,3.1824,3.2693,4.1457,8.3709,8.1076,0.3613
10276,2023,1,3,3.7922,3.9897,3.6392,4.1234,8.3731,8.502,0.3715
10276,2024,1,3,3.7618,3.8707,4.4405,4.0621,8.451,9.2642,0.3766
10276,2025,1,3,3.9631,4.3946,3.9269,4.1634,8.4626,8.975,0.3838
10277,2020,25,2,3.7648,4.0613,3.788,4.1337,10,13.0831,0.525
10277,2021,25,2,3.5075,4.0949,3.9983,4.6621,9.8876,12.7185,0.5338
10277,2022,25,2,4.3051,3.9884,4.0528,4.2599,9.9034,12.7314,0.5081
10277,2023,25,2,4.2363,3.7814,4.1407,4.2926,9.8851,13.36,0.5542
10277,2024,25,2,4.1273,4.6416,4.0456,5,9.9203,13.8511,0.559
10277,2025,25,2,4.8057,4.7008,3.9222,5,9.9713,14.455,0.5547
10278,2020,17,2,3.813,3.934,3.296,4.4172,10.1711,12.4664,0.4502
10278,2021,17,2,4.0556,4.0568,3.6557,5,10.3297,14.3282,0.4356
10278,2022,17,2,3.9352,4.4742,4.3264,4.468,10.3168,13.4027,0.4565
10278,2023,17,2,4.3428,4.2387,4.3353,4.8433,10.309,11.6273,0.4585
10278,2024,17,2,4.1607,4.0233,4.2054,4.9819,10.3152,14.2023,0.4555
10278,2025,17,2,4.5643,4.7082,4.2633,4.6957,10.2604,12.9173,0.4917
10279,2020,22,2,3.2501,3.8822,3.0934,4.2978,9.4544,8.8308,0.4945
10279,2021,22,2,3.7585,3.1016,4.0273,4.4817,9.4179,11.6497,0.4784
10279,2022,22,2,4.1468,4.5134,3.7995,4.2285,9.5511,8.3527,0.4708
10279,2023,22,2,4.1907,4.0257,4.2767,4.9036,9.6456,11.4977,0.4949
10279,2024,22,2,4.1181,4.1897,4.3279,4.5439,9.5703,11.5892,0.4839
10279,2025,22,2,4.498,4.4313,4.3642,4.9707,9.5073,11.1543,0.5126
10280,2020,2,3,3.0185,2.571,2.918,3.153,8.2068,7.2833,0.4635
10280,2021,2,3,3.3046,3.8548,3.5692,3.6744,8.1948,6.3375,0.4246
10280,2022,2,3,3.1612,3.2818,3.5943,3.7201,8.1173,5.0007,0.427
10280,2023,2,3,2.9826,3.4062,3.5149,4.2978,8.1927,7.541,0.4339
10280,2024,2,3,3.4997,3.6626,3.9087,4.4321,8.0385,7.32,0.4411
10280,2025,2,3,4.327,3.5988,3.9179,4.1803,8.3686,8.3608,0.4423
10281,2020,12,2,3.9543,3.5357,3.6539,3.4818,9.0573,9.9445,0.5166
10281,2021,12,2,3.7036,3.835,3.4064,4.6508,9.0806,8.5128,0.5038
10281,2022,12,2,3.4105,3.6304,4.3496,4.0049,9.1374,9.417,0.4989
10281,2023,12,2,4.4809,4.0215,3.9206,4.5751,9.1113,10.5213,0.4756
10281,2024,12,2,4.1025,4.113,3.8771,4.4138,9.0309,9.7095,0.4926
10281,2025,12,2,3.9172,4.3197,4.3054,5,9.0441,9.1404,0.4902
10282,2020,5,2,3.9047,3.526,3.9747,4.4601,9.3032,12.3092,0.3558
10282,2021,5,2,3.63,4.0216,3.7302,4.4383,9.3374,11.7425,0.3758
10282,2022,5,2,3.6737,4.3603,3.592,4.6048,9.291,13.4404,0.3657
10282,2023,5,2,4.0958,4.3297,4.1429,4.9502,9.484,14.7059,0.3818
10282,2024,5,2,3.8187,4.0521,4.2721,4.4244,9.3464,13.2282,0.3375
10282,2025,5,2,3.7368,4.5011,4.2734,5,9.3601,12.7334,0.3688
10283,2020,28,1,4.4363,4.5969,3.9423,5,10.6727,16.9291,0.6257
10283,2021,28,1,4.1085,4.4063,4.5998,5,10.6369,17.1578,0.6064
10283,2022,28,1,4.5368,4.7429,4.859,5,10.7161,17.1503,0.6127
10283,2023,28,1,4.6836,5,4.5545,5,10.6601,16.6111,0.6371
10283,2024,28,1,5,5,4.371,5,10.6602,17.8606,0.6557
10283,2025,28,1,5,5,5,5,10.802,17.4251,0.6383
10284,2020,8,3,3.3906,3.3845,3.2744,3.4454,8.8063,8.1005,0.3715
10284,2021,8,3,3.6141,3.7468,3.1901,4.2909,9.0317,9.3501,0.3803
10284,2022,8,3,3.3627,3.8389,3.2366,3.8966,8.8794,8.6441,0.387
10284,2023,8,3,3.9628,3.9062,3.4935,5,8.9185,9.6982,0.3838
10284,2024,8,3,3.666,3.7348,3.6248,3.863,8.9598,9.2398,0.3787
10284,2025,8,3,4.2636,4.0702,3.9793,4.7079,9.1446,10.0498,0.3907
10285,2020,3,3,2.5547,3.221,3.1596,4.0167,8.518,5.1719,0.3565
10285,2021,3,3,2.7471,3.0398,3.2971,3.5777,8.627,6.1743,0.3619
10285,2022,3,3,3.3759,3.2594,3.0541,3.5977,8.5683,5.8474,0.3669
10285,2023,3,3,3.6534,3.7244,3.5272,3.9452,8.3362,6.6545,0.3858
10285,2024,3,3,4.3623,3.6493,3.5255,4.8076,8.5705,6.9216,0.3568
10285,2025,3,3,4.1666,3.3241,3.803,4.556,8.3988,6.6783,0.4017
10286,2020,11,3,3.4332,3.7208,2.9693,3.3455,9.6445,5.625,0.3555
10286,2021,11,3,2.9242,3.6305,3.1193,3.4472,9.5967,5.1444,0.3646
10286,2022,11,3,3.1014,3.3359,3.6645,4.2824,9.6184,5.5991,0.3386
10286,2023,11,3,3.2203,4.0541,3.8304,4.3136,9.4976,7.0689,0.3403
10286,2024,11,3,3.774,3.8726,3.6656,4.0153,9.6302,6.2539,0.3777
10286,2025,11,3,4.0311,3.9356,3.7571,4.7614,9.7455,8.2315,0.3419
10287,2020,14,3,2.6841,3.2494,2.597,3.7918,8.3313,7.5114,0.4302
10287,2021,14,3,3.5819,3.1373,3.1302,3.9845,8.3052,8.888,0.4519
10287,2022,14,3,3.2674,3.5015,3.2769,4.5452,8.2675,10.6679,0.4513
10287,2023,14,3,2.943,3.7338,3.8049,4.1536,8.1468,10.7466,0.4468
10287,2024,14,3,4.229,4.1571,3.9558,4.5367,8.2471,10.6312,0.4439
10287,2025,14,3,3.8798,3.8696,3.6768,4.729,8.3206,9.7717,0.4229
10288,2020,7,3,2.9744,3.0778,3.2214,3.856,8.7127,4.7489,0.4178
10288,2021,7,3,3.4371,3.3587,3.3905,3.4363,9.0564,4.1737,0.4417
10288,2022,7,3,3.2851,3.6468,3.4245,3.7928,8.7999,5.1106,0.425
10288,2023,7,3,3.4637,3.5016,3.5922,4.0086,8.8791,6.3974,0.4509
10288,2024,7,3,3.3793,3.6779,3.4105,4.3453,8.9002,6.3772,0.4188
10288,2025,7,3,4.2254,4.2535,3.9206,4.9163,9.0257,7.0863,0.4113
10289,2020,7,2,3.5579,3.6448,3.6453,4.6914,9.6182,11.6888,0.4404
10289,2021,7,2,4.1772,3.9579,3.7665,4.425,9.8647,12.4686,0.4361
10289,2022,7,2,3.8842,3.6511,3.8102,4.6783,9.5789,11.8298,0.4248
10289,2023,7,2,3.866,4.0142,4.2663,4.8376,9.6669,13.0504,0.4625
10289,2024,7,2,4.5468,3.9183,3.6911,5,9.7317,13.2961,0.4403
10289,2025,7,2,4.2417,4.4558,3.8869,4.9645,9.7928,13.4302,0.4536
10290,2020,27,2,3.5935,3.6902,3.7742,4.0026,9.4594,9.6051,0.4015
10290,2021,27,2,3.678,3.8934,3.6282,4.2019,9.2996,10.969,0.4085
10290,2022,27,2,3.3524,3.7871,4.0023,4.3831,9.2839,10.4573,0.4178
10290,2023,27,2,3.9215,4.1481,3.8931,4.8398,9.5262,9.2036,0.4217
10290,2024,27,2,4.5176,4.2115,3.7948,4.5293,9.4367,9.2674,0.4223
10290,2025,27,2,3.7608,3.9755,4.2826,5,9.3979,11.799,0.4202
10291,2020,5,1,3.9468,4.4576,3.5965,4.8057,10.8024,12.4882,0.535
10291,2021,5,1,4.4859,4.6037,4.3748,4.5876,10.6132,12.857,0.5383
10291,2022,5,1,5,4.2632,4.0659,5,10.6924,12.7479,0.5703
10291,2023,5,1,4.6042,4.8056,4.2786,5,10.7491,13.5365,0.5253
10291,2024,5,1,4.8644,5,4.746,5,10.9543,13.2358,0.538
10291,2025,5,1,5,5,4.5355,5,10.6626,12.7051,0.5374
10292,2020,7,1,4.2421,4.6678,4.0759,4.565,10.3464,13.964,0.6156
10292,2021,7,1,4.8854,4.1775,4.2995,5,10.4007,12.7213,0.6101
10292,2022,7,1,4.8825,4.5278,4.4281,5,10.3005,15.0043,0.6328
10292,2023,7,1,4.9865,4.7055,4.5279,5,10.4069,14.9535,0.6005
10292,2024,7,1,5,4.6526,4.3856,5,10.4408,15.1966,0.62
10292,2025,7,1,4.9782,5,4.7183,5,10.4003,16.6274,0.6364
10293,2020,16,3,3.635,2.8413,3.3417,3.8257,8.5281,7.5533,0.437
10293,2021,16,3,3.7646,3.2492,2.6477,3.3796,8.665,8.1771,0.4266
10293,2022,16,3,3.3662,3.3697,3.3297,3.8425,8.609,8.4148,0.4116
10293,2023,16,3,3.3267,4.0417,3.3987,4.1535,8.5057,9.7645,0.4337
10293,2024,16,3,4.0388,3.7635,3.6968,4.6154,8.6556,8.5732,0.4217
10293,2025,16,3,4.022,3.4028,3.3439,4.914,8.6434,9.8152,0.4188
10294,2020,3,3,2.6754,3.3137,2.9464,3.4798,8.0824,2.0668,0.242
10294,2021,3,3,3.0948,3.0513,2.6909,3.316,8.3217,2,0.2539
10294,2022,3,3,3.2668,3.3777,3.1412,4.2947,8.3157,2.7975,0.24
10294,2023,3,3,3.356,3.4404,3.2022,3.8025,8.4802,2,0.2768
10294,2024,3,3,4.1355,3.4658,3.5085,3.444,8.3856,2.2804,0.2775
10294,2025,3,3,3.7996,3.537,3.6431,4.3158,8.2909,3.6832,0.2374
10295,2020,4,3,3.1486,3.6588,3.5345,3.7714,8.1266,14.5552,0.3688
10295,2021,4,3,3.9978,3.377,3.2451,4.4603,7.8015,14.17,0.359
10295,2022,4,3,3.6487,4.1408,3.222,4.116,7.9095,14.7714,0.3507
10295,2023,4,3,3.6488,3.8268,3.7867,4.479,7.9649,16.4714,0.3715
10295,2024,4,3,3.7911,3.615,3.7411,4.2487,7.9591,15.7744,0.3578
10295,2025,4,3,4.2589,3.6335,3.7558,5,7.9447,16.2255,0.3536
10296,2020,15,2,3.9421,3.8982,3.726,4.2831,11.3463,9.1974,0.3104
10296,2021,15,2,3.9493,4.2912,3.6978,4.4234,11.3958,10.7958,0.3261
10296,2022,15,2,4.0173,3.9502,4.1978,5,11.4204,10.9154,0.3411
10296,2023,15,2,4.4613,3.932,3.8384,5,11.4139,10.0475,0.3262
10296,2024,15,2,4.9156,4.2055,3.4172,5,11.2845,10.7365,0.3079
10296,2025,15,2,4.7055,4.6901,4.3857,5,11.3912,12.5571,0.3356
10297,2020,14,3,2.8988,2.9248,3.0705,3.7529,8.2919,6.9079,0.3575
10297,2021,14,3,3.3852,2.8692,3.1551,4.1084,8.4466,4.4591,0.3449
10297,2022,14,3,3.7479,3.0499,3.4211,3.9236,8.2613,6.431,0.3332
10297,2023,14,3,3.8458,3.5776,3.3604,4.0606,8.2597,6.189,0.3527
10297,2024,14,3,3.4098,3.4879,3.7801,4.395,8.4289,6.3391,0.3277
10297,2025,14,3,3.8808,3.5823,3.6791,4.0458,8.3745,7.7734,0.3452
10298,2020,29,2,3.727,3.6556,3.6775,4.0556,9.5729,11.1394,0.4517
10298,2021,29,2,3.457,4.3793,3.8357,4.3895,9.7624,11.0842,0.435
10298,2022,29,2,3.8533,4.4832,3.8407,4.9631,9.6765,11.9866,0.4504
10298,2023,29,2,3.9542,3.937,4.0095,4.4606,9.7719,10.5783,0.4622
10298,2024,29,2,4.4039,4.6486,3.7482,4.7045,9.5834,12.1421,0.4687
10298,2025,29,2,4.4987,4.3731,3.8789,5,9.5694,12.6324,0.4698
10299,2020,14,2,3.7362,3.8109,3.3054,4.2995,9.0169,12.8687,0.4753
10299,2021,14,2,3.4604,3.4783,3.9175,4.5219,9.1436,11.3481,0.4258
10299,2022,14,2,3.67,3.9691,4.0945,4.31,9.0543,12.8349,0.479
10299,2023,14,2,4.1558,4.2139,3.8871,4.9855,9.0285,12.8448,0.4773
10299,2024,14,2,4.6425,4.7068,3.9416,5,9.3245,12.7196,0.4618
10299,2025,14,2,4.3024,4.4232,4.43,5,9.0887,13.659,0.4675
10300,2020,28,2,3.7064,3.6971,3.3078,4.6052,9.738,11.4907,0.4574
10300,2021,28,2,4.5462,4.0723,3.8509,4.2043,9.636,10.1551,0.4999
10300,2022,28,2,4.0547,4.0681,3.958,4.9313,9.6801,11.2779,0.5131
10300,2023,28,2,4.0004,4.3697,3.7704,4.6674,9.8973,11.149,0.4736
10300,2024,28,2,4.1304,4.3058,4.4095,5,9.8099,12.7836,0.4819
10300,2025,28,2,4.1764,4.5913,4.4116,5,9.7454,11.3236,0.5258
